teamIdHome,teamIdAway,home_team_position,away_team_position,matchweek,homeGF,homeGA,awayGF,awayGA,homeLast1,homeLast2,homeLast3,homeLast4,homeLast5,awayLast1,awayLast2,awayLast3,awayLast4,awayLast5,o35
9,3,19,2,12,15,11,24,19,0.5,0,0,0.5,0,1,1,1,0,1,0
6,17,18,16,12,19,18,22,20,0,1,0.5,0,0.5,0.5,1,0.5,0,0,0
11,16,13,15,12,14,19,11,20,0,0,0.5,0,1,0,0.5,0,0,1,1
8,5,17,7,12,12,15,15,13,0.5,0.5,0,0,0,0.5,1,0.5,1,0.5,0
20,4,10,8,12,18,13,17,10,1,0,0,1,0,0,0.5,0.5,1,1,0
15,14,14,4,12,8,10,7,17,0.5,1,0.5,0.5,0,0,0,1,1,1,1
19,1,6,3,12,12,16,23,12,1,1,0,1,1,1,0.5,1,0.5,1,0
13,7,12,11,12,9,15,21,19,0,1,0,0.5,1,1,0,1,0,0,0
10,2,20,1,12,11,16,22,17,0,0.5,0,0,0,0.5,1,0,1,1,0
12,18,9,5,12,9,11,13,11,0.5,0,0,1,0,0,1,1,1,1,1
8,19,17,6,15,19,18,15,16,0.5,0.5,0,0,0,1,1,0,1,1,0
5,12,7,9,15,16,15,13,18,0.5,1,0.5,1,0.5,0.5,0,0,1,0,0
3,18,2,5,15,31,21,18,14,1,1,1,0,1,0,1,1,1,1,1
1,14,3,4,15,29,17,12,23,1,0.5,1,0.5,1,0,0,1,1,1,0
10,9,20,19,15,12,20,19,13,0,0.5,0,0,0,0.5,0,0,0.5,0,0
7,15,11,14,15,22,23,15,17,1,0,1,0,0,0.5,1,0.5,0.5,0,0
17,13,16,12,15,24,27,11,17,0.5,1,0.5,0,0,0,1,0,0.5,1,0
16,4,15,8,15,15,27,24,15,0,0.5,0,0,1,0,0.5,0.5,1,1,0
6,11,18,13,15,21,19,17,28,0,1,0.5,0,0.5,0,0,0.5,0,1,0
2,20,1,10,15,25,18,25,17,0.5,1,0,1,1,1,0,0,1,0,0
12,17,9,16,16,13,18,25,28,0.5,0,0,1,0,0.5,1,0.5,0,0,1
18,5,5,7,16,19,17,16,15,0,1,1,1,1,0.5,1,0.5,1,0.5,0
4,1,8,3,16,24,15,31,18,0,0.5,0.5,1,1,1,0.5,1,0.5,1,1
15,16,14,15,16,15,17,15,27,0.5,1,0.5,0.5,0,0,0.5,0,0,1,0
9,19,19,6,16,21,13,16,17,0.5,0,0,0.5,0,1,1,0,1,1,0
13,10,12,20,16,12,18,12,22,0,1,0,0.5,1,0,0.5,0,0,0,0
11,8,13,17,16,19,29,20,19,0,0,0.5,0,1,0.5,0.5,0,0,0,0
7,3,11,2,16,22,23,34,22,1,0,1,0,0,1,1,1,0,1,1
14,2,4,1,16,13,25,25,18,0,0,1,1,1,0.5,1,0,1,1,0
20,6,10,18,16,25,17,22,21,1,0,0,1,0,0,1,0.5,0,0.5,0
12,17,9,16,17,15,21,28,30,0.5,0,0,1,0,0.5,1,0.5,0,0,1
18,5,5,7,17,21,17,16,17,0,1,1,1,1,0.5,1,0.5,1,0.5,0
4,1,8,3,17,28,16,32,22,0,0.5,0.5,1,1,1,0.5,1,0.5,1,1
15,16,14,15,17,15,17,15,27,0.5,1,0.5,0.5,0,0,0.5,0,0,1,0
9,19,19,6,17,22,15,18,18,0.5,0,0,0.5,0,1,1,0,1,1,0
13,10,12,20,17,13,19,13,23,0,1,0,0.5,1,0,0.5,0,0,0,0
11,8,13,17,17,19,30,21,19,0,0,0.5,0,1,0.5,0.5,0,0,0,0
7,3,11,2,17,23,26,37,23,1,0,1,0,0,1,1,1,0,1,1
14,2,4,1,17,16,25,25,21,0,0,1,1,1,0.5,1,0,1,1,0
20,6,10,18,17,26,18,23,22,1,0,0,1,0,0,1,0.5,0,0.5,0
12,1,9,3,20,19,26,37,23,0.5,0,0,1,0,1,0.5,1,0.5,1,0
6,16,18,15,20,26,25,18,30,0,1,0.5,0,0.5,0,0.5,0,0,1,0
9,8,19,17,20,29,20,23,23,0.5,0,0,0.5,0,0.5,0.5,0,0,0,1
17,11,16,13,20,33,34,21,35,0.5,1,0.5,0,0,0,0,0.5,0,1,0
13,2,12,1,20,17,19,27,24,0,1,0,0.5,1,0.5,1,0,1,1,0
18,7,5,11,20,24,25,23,28,0,1,1,1,1,1,0,1,0,0,0
5,20,7,10,20,16,19,35,25,0.5,1,0.5,1,0.5,1,0,0,1,0,0
14,3,4,2,20,21,31,44,27,0,0,1,1,1,1,1,1,0,1,0
15,10,14,20,20,17,22,20,28,0.5,1,0.5,0.5,0,0,0.5,0,0,0,0
4,19,8,6,20,33,19,22,22,0,0.5,0.5,1,1,1,1,0,1,1,0
1,4,3,8,21,37,24,35,19,1,0.5,1,0.5,1,0,0.5,0.5,1,1,1
16,17,15,16,21,18,32,34,34,0,0.5,0,0,1,0.5,1,0.5,0,0,0
8,18,17,5,21,24,27,25,26,0.5,0.5,0,0,0,0,1,1,1,1,1
20,13,10,12,21,35,25,18,20,1,0,0,1,0,0,1,0,0.5,1,0
3,15,2,14,21,44,28,19,22,1,1,1,0,1,0.5,1,0.5,0.5,0,0
2,7,1,11,21,28,25,24,29,0.5,1,0,1,1,1,0,1,0,0,0
14,6,4,18,21,22,31,28,25,0,0,1,1,1,0,1,0.5,0,0.5,0
11,5,13,7,21,21,36,16,19,0,0,0.5,0,1,0.5,1,0.5,1,0.5,0
19,9,6,19,21,22,24,33,21,1,1,0,1,1,0.5,0,0,0.5,0,0
10,12,20,9,21,20,30,20,26,0,0.5,0,0,0,0.5,0,0,1,0,0
8,19,17,6,22,27,30,23,26,0.5,0.5,0,0,0,1,1,0,1,1,0
9,1,19,3,22,35,22,40,25,0.5,0,0,0.5,0,1,0.5,1,0.5,1,1
18,2,5,1,22,28,29,28,28,0,1,1,1,1,0.5,1,0,1,1,1
12,3,9,2,22,21,26,47,28,0.5,0,0,1,0,1,1,1,0,1,1
17,14,16,4,22,36,35,23,33,0.5,1,0.5,0,0,0,0,1,1,1,0
15,6,14,18,22,19,25,30,26,0.5,1,0.5,0.5,0,0,1,0.5,0,0.5,1
7,20,11,10,22,27,29,35,25,1,0,1,0,0,1,0,0,1,0,1
5,16,7,15,22,16,20,19,34,0.5,1,0.5,1,0.5,0,0.5,0,0,1,0
13,11,12,13,22,18,20,22,36,0,1,0,0.5,1,0,0,0.5,0,1,0
4,10,8,20,22,36,22,20,31,0,0.5,0.5,1,1,0,0.5,0,0,0,0
6,12,18,9,23,31,31,23,28,0,1,0.5,0,0.5,0.5,0,0,1,0,0
1,8,3,17,23,42,27,27,30,1,0.5,1,0.5,1,0.5,0.5,0,0,0,0
3,4,2,8,23,49,30,37,24,1,1,1,0,1,0,0.5,0.5,1,1,0
10,9,20,19,23,22,32,37,24,0,0.5,0,0,0,0.5,0,0,0.5,0,1
20,2,10,1,23,37,27,30,31,1,0,0,1,0,0.5,1,0,1,1,1
16,13,15,12,23,21,34,18,21,0,0.5,0,0,1,0,1,0,0.5,1,1
11,7,13,11,23,23,36,29,31,0,0,0.5,0,1,1,0,1,0,0,0
14,5,4,7,23,25,34,16,22,0,0,1,1,1,0.5,1,0.5,1,0.5,0
15,17,14,16,23,24,26,37,37,0.5,1,0.5,0.5,0,0.5,1,0.5,0,0,1
19,18,6,5,23,23,26,31,31,1,1,0,1,1,0,1,1,1,1,0
9,3,19,2,24,39,28,50,30,0.5,0,0,0.5,0,1,1,1,0,1,0
4,6,8,18,24,37,25,32,31,0,0.5,0.5,1,1,0,1,0.5,0,0.5,0
12,17,9,16,24,23,29,38,40,0.5,0,0,1,0,0.5,1,0.5,0,0,0
5,15,7,14,24,17,24,27,27,0.5,1,0.5,1,0.5,0.5,1,0.5,0.5,0,0
2,11,1,13,24,32,35,24,37,0.5,1,0,1,1,0,0,0.5,0,1,0
8,10,17,20,24,28,32,26,34,0.5,0.5,0,0,0,0,0.5,0,0,0,0
7,16,11,15,24,30,32,23,36,1,0,1,0,0,0,0.5,0,0,1,0
19,1,6,3,24,26,26,44,28,1,1,0,1,1,1,0.5,1,0.5,1,1
18,20,5,10,24,31,34,41,29,0,1,1,1,1,1,0,0,1,0,1
13,14,12,4,24,20,23,27,35,0,1,0,0.5,1,0,0,1,1,1,1
17,4,16,8,25,39,41,37,28,0.5,1,0.5,0,0,0,0.5,0.5,1,1,0
12,5,9,7,25,24,30,17,25,0.5,0,0,1,0,0.5,1,0.5,1,0.5,0
6,9,18,19,25,35,31,39,29,0,1,0.5,0,0.5,0.5,0,0,0.5,0,0
1,18,3,5,25,46,30,34,36,1,0.5,1,0.5,1,0,1,1,1,1,1
15,13,14,12,25,28,27,21,26,0.5,1,0.5,0.5,0,0,1,0,0.5,1,1
14,7,4,11,25,30,36,31,33,0,0,1,1,1,1,0,1,0,0,0
3,8,2,17,25,51,30,28,32,1,1,1,0,1,0.5,0.5,0,0,0,0
11,20,13,10,25,25,39,43,32,0,0,0.5,0,1,1,0,0,1,0,1
10,19,20,6,25,26,34,28,28,0,0.5,0,0,0,1,1,0,1,1,0
16,2,15,1,25,24,37,34,36,0,0.5,0,0,1,0.5,1,0,1,1,0
9,17,19,16,26,41,29,39,43,0.5,0,0,0.5,0,0.5,1,0.5,0,0,1
4,5,8,7,26,39,28,18,25,0,0.5,0.5,1,1,0.5,1,0.5,1,0.5,0
8,6,17,18,26,28,32,35,33,0.5,0.5,0,0,0,0,1,0.5,0,0.5,0
13,12,12,9,26,22,29,24,31,0,1,0,0.5,1,0.5,0,0,1,0,0
7,15,11,14,26,33,34,31,28,1,0,1,0,0,0.5,1,0.5,0.5,0,0
1,10,3,20,26,48,32,27,34,1,0.5,1,0.5,1,0,0.5,0,0,0,0
18,11,5,13,26,36,38,28,42,0,1,1,1,1,0,0,0.5,0,1,0
20,16,10,15,26,46,35,24,40,1,0,0,1,0,0,0.5,0,0,1,0
2,14,1,4,26,37,36,31,38,0.5,1,0,1,1,0,0,1,1,1,0
19,3,6,2,26,28,29,51,30,1,1,0,1,1,1,1,1,0,1,0
3,1,2,3,27,51,30,48,32,1,1,1,0,1,1,0.5,1,0.5,1,1
5,9,7,19,27,18,27,44,31,0.5,1,0.5,1,0.5,0.5,0,0,0.5,0,0
4,13,8,12,27,41,28,22,31,0,0.5,0.5,1,1,0,1,0,0.5,1,0
12,7,9,11,27,26,31,33,34,0.5,0,0,1,0,1,0,1,0,0,0
16,11,15,13,27,26,41,28,42,0,0.5,0,0,1,0,0,0.5,0,1,0
10,18,20,5,27,27,34,36,38,0,0.5,0,0,0,0,1,1,1,1,0
15,2,14,1,27,31,28,39,37,0.5,1,0.5,0.5,0,0.5,1,0,1,1,0
14,20,4,10,27,32,40,47,37,0,0,1,1,1,1,0,0,1,0,0
17,8,16,17,27,41,46,29,32,0.5,1,0.5,0,0,0.5,0.5,0,0,0,0
6,19,18,6,27,35,34,28,29,0,1,0.5,0,0.5,1,1,0,1,1,0
2,12,1,9,28,39,39,28,32,0.5,1,0,1,1,0.5,0,0,1,0,0
1,6,3,18,28,51,33,35,34,1,0.5,1,0.5,1,0,1,0.5,0,0.5,0
9,13,19,12,28,45,32,22,33,0.5,0,0,0.5,0,0,1,0,0.5,1,0
18,16,5,15,28,37,40,27,43,0,1,1,1,1,0,0.5,0,0,1,0
20,15,10,14,28,49,38,33,28,1,0,0,1,0,0.5,1,0.5,0.5,0,0
8,5,17,7,28,32,32,19,28,0.5,0.5,0,0,0,0.5,1,0.5,1,0.5,0
11,14,13,4,28,30,43,33,42,0,0,0.5,0,1,0,0,1,1,1,0
19,17,6,16,28,28,29,41,49,1,1,0,1,1,0.5,1,0.5,0,0,0
10,3,20,2,28,29,35,52,33,0,0.5,0,0,0,1,1,1,0,1,1
7,4,11,8,28,34,36,43,28,1,0,1,0,0,0,0.5,0.5,1,1,1
6,10,18,20,29,37,35,31,37,0,1,0.5,0,0.5,0,0.5,0,0,0,0
4,2,8,1,29,44,32,39,41,0,0.5,0.5,1,1,0.5,1,0,1,1,0
3,18,2,5,29,54,35,37,42,1,1,1,0,1,0,1,1,1,1,0
5,19,7,6,29,19,31,28,30,0.5,1,0.5,1,0.5,1,1,0,1,1,1
17,1,16,3,29,42,49,52,35,0.5,1,0.5,0,0,1,0.5,1,0.5,1,0
14,16,4,15,29,35,43,29,43,0,0,1,1,1,0,0.5,0,0,1,1
9,7,19,11,29,46,32,38,37,0.5,0,0,0.5,0,1,0,1,0,0,0
13,8,12,17,29,22,34,35,32,0,1,0,0.5,1,0.5,0.5,0,0,0,1
15,11,14,13,29,34,29,31,45,0.5,1,0.5,0.5,0,0,0,0.5,0,1,1
12,20,9,10,29,30,32,50,39,0.5,0,0,1,0,1,0,0,1,0,1
1,5,3,7,30,53,36,21,34,1,0.5,1,0.5,1,0.5,1,0.5,1,0.5,0
10,17,20,16,30,32,37,43,50,0,0.5,0,0,0,0.5,1,0.5,0,0,1
3,6,2,18,30,55,36,37,36,1,1,1,0,1,0,1,0.5,0,0.5,0
2,9,1,19,30,39,41,47,34,0.5,1,0,1,1,0.5,0,0,0.5,0,0
11,12,13,9,30,35,46,32,34,0,0,0.5,0,1,0.5,0,0,1,0,0
16,15,15,14,30,30,46,35,33,0,0.5,0,0,1,0.5,1,0.5,0.5,0,0
8,7,17,11,30,38,35,40,38,0.5,0.5,0,0,0,1,0,1,0,0,1
20,4,10,8,30,52,41,44,32,1,0,0,1,0,0,0.5,0.5,1,1,1
19,13,6,12,30,31,32,25,37,1,1,0,1,1,0,1,0,0.5,1,1
18,14,5,4,30,38,43,38,44,0,1,1,1,1,0,0,1,1,1,0
17,3,16,2,31,45,52,56,37,0.5,1,0.5,0,0,1,1,1,0,1,0
5,10,7,20,31,22,35,34,39,0.5,1,0.5,1,0.5,0,0.5,0,0,0,0
12,16,9,15,31,32,36,31,48,0.5,0,0,1,0,0,0.5,0,0,1,1
13,1,12,3,31,26,40,54,37,0,1,0,0.5,1,1,0.5,1,0.5,1,1
8,2,17,1,31,39,38,41,41,0.5,0.5,0,0,0,0.5,1,0,1,1,1
9,20,19,10,31,47,36,55,42,0.5,0,0,0.5,0,1,0,0,1,0,1
6,18,18,5,31,38,37,39,44,0,1,0.5,0,0.5,0,1,1,1,1,0
15,14,14,4,31,37,34,39,45,0.5,1,0.5,0.5,0,0,0,1,1,1,0
7,19,11,6,31,43,39,34,33,1,0,1,0,0,1,1,0,1,1,0
4,11,8,13,31,45,35,37,46,0,0.5,0.5,1,1,0,0,0.5,0,1,0
3,5,2,7,32,57,37,23,37,1,1,1,0,1,0.5,1,0.5,1,0.5,0
19,2,6,1,32,35,35,43,44,1,1,0,1,1,0.5,1,0,1,1,0
6,17,18,16,32,40,37,45,53,0,1,0.5,0,0.5,0.5,1,0.5,0,0,1
11,9,13,19,32,37,47,50,38,0,0,0.5,0,1,0.5,0,0,0.5,0,0
1,7,3,11,32,55,42,45,40,1,0.5,1,0.5,1,1,0,1,0,0,0
16,4,15,8,32,32,51,46,35,0,0.5,0,0,1,0,0.5,0.5,1,1,0
10,13,20,12,32,36,40,31,41,0,0.5,0,0,0,0,1,0,0.5,1,0
14,12,4,9,32,39,47,35,37,0,0,1,1,1,0.5,0,0,1,0,0
18,15,5,14,32,39,46,39,34,0,1,1,1,1,0.5,1,0.5,0.5,0,1
20,8,10,17,32,57,45,42,40,1,0,0,1,0,0.5,0.5,0,0,0,0
2,1,1,3,33,44,44,58,42,0.5,1,0,1,1,1,0.5,1,0.5,1,0
5,6,7,18,33,24,39,42,40,0.5,1,0.5,1,0.5,0,1,0.5,0,0.5,0
9,16,19,15,33,51,40,32,51,0.5,0,0,0.5,0,0,0.5,0,0,1,0
13,3,12,2,33,31,41,59,38,0,1,0,0.5,1,1,1,1,0,1,0
8,11,17,13,33,42,42,39,48,0.5,0.5,0,0,0,0,0,0.5,0,1,0
17,18,16,5,33,48,55,42,48,0.5,1,0.5,0,0,0,1,1,1,1,0
7,10,11,20,33,45,43,36,40,1,0,1,0,0,0,0.5,0,0,0,1
4,14,8,4,33,46,35,40,48,0,0.5,0.5,1,1,0,0,1,1,1,0
12,15,9,14,33,36,38,41,37,0.5,0,0,1,0,0.5,1,0.5,0.5,0,1
19,20,6,10,33,35,36,59,45,1,1,0,1,1,1,0,0,1,0,0
17,5,16,7,34,48,57,24,40,0.5,1,0.5,0,0,0.5,1,0.5,1,0.5,0
1,20,3,10,34,59,44,59,48,1,0.5,1,0.5,1,1,0,0,1,0,0
11,19,13,6,34,42,48,38,36,0,0,0.5,0,1,1,1,0,1,1,0
10,2,20,1,34,37,44,46,45,0,0.5,0,0,0,0.5,1,0,1,1,0
14,9,4,19,34,41,50,51,43,0,0,1,1,1,0.5,0,0,0.5,0,0
6,13,18,12,34,43,40,33,41,0,1,0.5,0,0.5,0,1,0,0.5,1,1
15,4,14,8,34,44,40,48,36,0.5,1,0.5,0.5,0,0,0.5,0.5,1,1,0
16,8,15,17,34,35,51,42,45,0,0.5,0,0,1,0.5,0.5,0,0,0,0
18,12,5,9,34,44,48,39,41,0,1,1,1,1,0.5,0,0,1,0,0
3,7,2,11,34,59,40,49,44,1,1,1,0,1,1,0,1,0,0,0
4,12,8,9,35,48,37,39,42,0,0.5,0.5,1,1,0.5,0,0,1,0,0
2,3,1,2,35,47,45,59,41,0.5,1,0,1,1,1,1,1,0,1,0
5,18,7,5,35,26,41,45,48,0.5,1,0.5,1,0.5,0,1,1,1,1,0
20,10,10,20,35,60,48,37,45,1,0,0,1,0,0,0.5,0,0,0,0
7,6,11,18,35,50,44,46,42,1,0,1,0,0,0,1,0.5,0,0.5,1
13,17,12,16,35,35,44,49,59,0,1,0,0.5,1,0.5,1,0.5,0,0,0
19,16,6,15,35,38,38,36,51,1,1,0,1,1,0,0.5,0,0,1,0
8,14,17,4,35,42,46,42,52,0.5,0.5,0,0,0,0,0,1,1,1,0
1,11,3,13,35,59,45,44,48,1,0.5,1,0.5,1,0,0,0.5,0,1,0
9,15,19,14,35,53,44,45,40,0.5,0,0,0.5,0,0.5,1,0.5,0.5,0,0
6,2,18,1,36,46,46,47,47,0,1,0.5,0,0.5,0.5,1,0,1,1,0
18,4,5,8,36,45,49,49,37,0,1,1,1,1,0,0.5,0.5,1,1,1
12,9,9,19,36,39,43,53,44,0.5,0,0,1,0,0.5,0,0,0.5,0,0
15,8,14,17,36,45,40,42,46,0.5,1,0.5,0.5,0,0.5,0.5,0,0,0,0
5,13,7,12,36,27,41,36,44,0.5,1,0.5,1,0.5,0,1,0,0.5,1,0
10,11,20,13,36,39,45,45,50,0,0.5,0,0,0,0,0,0.5,0,1,0
17,7,16,11,36,49,60,54,44,0.5,1,0.5,0,0,1,0,1,0,0,0
14,19,4,6,36,42,52,40,39,0,0,1,1,1,1,1,0,1,1,0
3,20,2,10,36,61,41,60,50,1,1,1,0,1,1,0,0,1,0,0
16,1,15,3,36,37,53,61,46,0,0.5,0,0,1,1,0.5,1,0.5,1,0
9,4,19,8,37,55,45,50,40,0.5,0,0,0.5,0,0,0.5,0.5,1,1,1
2,17,1,16,37,49,47,50,60,0.5,1,0,1,1,0.5,1,0.5,0,0,0
7,5,11,7,37,54,45,28,41,1,0,1,0,0,0.5,1,0.5,1,0.5,0
1,14,3,4,37,61,46,44,52,1,0.5,1,0.5,1,0,0,1,1,1,0
11,3,13,2,37,45,52,61,44,0,0,0.5,0,1,1,1,1,0,1,0
10,16,20,15,37,41,45,37,53,0,0.5,0,0,0,0,0.5,0,0,1,0
13,18,12,5,37,36,45,48,50,0,1,0,0.5,1,0,1,1,1,1,0
20,6,10,18,37,63,50,46,48,1,0,0,1,0,0,1,0.5,0,0.5,0
19,15,6,14,37,40,41,46,40,1,1,0,1,1,0.5,1,0.5,0.5,0,1
8,12,17,9,37,42,47,40,45,0.5,0.5,0,0,0,0.5,0,0,1,0,0
5,2,7,1,38,29,42,50,48,0.5,1,0.5,1,0.5,0.5,1,0,1,1,0
18,9,5,19,38,48,52,57,49,0,1,1,1,1,0.5,0,0,0.5,0,0
4,8,8,17,38,54,42,43,49,0,0.5,0.5,1,1,0.5,0.5,0,0,0,0
13,7,12,11,38,38,45,55,46,0,1,0,0.5,1,1,0,1,0,0,0
14,10,4,20,38,45,53,43,46,0,0,1,1,1,0,0.5,0,0,0,0
15,1,14,3,38,47,43,62,47,0.5,1,0.5,0.5,0,1,0.5,1,0.5,1,0
3,16,2,15,38,63,44,38,55,1,1,1,0,1,0,0.5,0,0,1,1
12,19,9,6,38,42,46,43,42,0.5,0,0,1,0,1,1,0,1,1,1
17,20,16,10,38,51,61,63,50,0.5,1,0.5,0,0,1,0,0,1,0,0
6,11,18,13,38,46,48,45,54,0,1,0.5,0,0.5,0,0,0.5,0,1,0
1,12,3,9,1,1,2,3,2,1,0.5,1,0.5,1,0.5,0,0,1,0,1
16,6,15,18,1,1,4,0,0,0,0.5,0,0,1,0,1,0.5,0,0.5,1
10,15,20,14,1,0,0,2,1,0,0.5,0,0,0,0.5,1,0.5,0.5,0,0
2,13,1,12,1,1,2,2,0,0.5,1,0,1,1,0,1,0,0.5,1,0
11,17,13,16,1,0,0,2,1,0,0,0.5,0,1,0.5,1,0.5,0,0,0
19,4,6,8,1,2,3,2,1,1,1,0,1,1,0,0.5,0.5,1,1,0
20,5,10,7,1,1,2,2,1,1,0,0,1,0,0.5,1,0.5,1,0.5,0
7,18,11,5,1,0,2,1,2,1,0,1,0,0,0,1,1,1,1,0
3,14,2,4,1,4,1,0,0,1,1,1,0,1,0,0,1,1,1,0
8,9,17,19,1,1,2,2,1,0.5,0.5,0,0,0,0.5,0,0,0.5,0,0
4,1,8,3,2,3,3,5,3,0,0.5,0.5,1,1,1,0.5,1,0.5,1,0
7,2,11,1,2,3,2,2,2,1,0,1,0,0,0.5,1,0,1,1,0
12,10,9,20,2,4,6,2,0,0.5,0,0,1,0,0,0.5,0,0,0,0
9,19,19,6,2,4,1,4,4,0.5,0,0,0.5,0,1,1,0,1,1,0
18,8,5,17,2,1,5,1,4,0,1,1,1,1,0.5,0.5,0,0,0,1
15,3,14,2,2,2,3,7,1,0.5,1,0.5,0.5,0,1,1,1,0,1,0
13,20,12,10,2,2,1,2,3,0,1,0,0.5,1,1,0,0,1,0,0
17,16,16,15,2,2,2,4,5,0.5,1,0.5,0,0,0,0.5,0,0,1,0
5,11,7,13,2,3,2,1,0,0.5,1,0.5,1,0.5,0,0,0.5,0,1,0
6,14,18,4,2,1,3,0,3,0,1,0.5,0,0.5,0,0,1,1,1,0
19,8,6,17,3,4,4,3,7,1,1,0,1,1,0.5,0.5,0,0,0,0
2,18,1,5,3,4,2,4,7,0.5,1,0,1,1,0,1,1,1,1,0
1,9,3,19,3,6,3,4,1,1,0.5,1,0.5,1,0.5,0,0,0.5,0,0
3,12,2,9,3,10,1,4,8,1,1,1,0,1,0.5,0,0,1,0,1
14,17,4,16,3,1,5,2,3,0,0,1,1,1,0.5,1,0.5,0,0,0
16,5,15,7,3,5,5,3,3,0,0.5,0,0,1,0.5,1,0.5,1,0.5,0
11,13,13,12,3,2,0,2,2,0,0,0.5,0,1,0,1,0,0.5,1,0
20,7,10,11,3,3,3,3,4,1,0,0,1,0,1,0,1,0,0,1
10,4,20,8,3,4,0,3,4,0,0.5,0,0,0,0,0.5,0.5,1,1,1
6,15,18,14,3,3,4,2,6,0,1,0.5,0,0.5,0.5,1,0.5,0.5,0,0
12,6,9,18,4,5,11,3,5,0.5,0,0,1,0,0,1,0.5,0,0.5,0
8,1,17,3,4,3,9,7,4,0.5,0.5,0,0,0,1,0.5,1,0.5,1,0
4,3,8,2,4,5,6,13,2,0,0.5,0.5,1,1,1,1,1,0,1,1
9,10,19,20,4,5,2,6,2,0.5,0,0,0.5,0,0,0.5,0,0,0,0
18,19,5,6,4,5,8,6,4,0,1,1,1,1,1,1,0,1,1,1
13,16,12,15,4,4,3,6,7,0,1,0,0.5,1,0,0.5,0,0,1,0
7,11,11,13,4,6,5,3,2,1,0,1,0,0,0,0,0.5,0,1,0
2,20,1,10,4,5,3,4,6,0.5,1,0,1,1,1,0,0,1,0,0
5,14,7,4,4,5,4,1,5,0.5,1,0.5,1,0.5,0,0,1,1,1,1
17,15,16,14,4,2,3,3,6,0.5,1,0.5,0,0,0.5,1,0.5,0.5,0,0
3,9,2,19,5,15,4,6,3,1,1,1,0,1,0.5,0,0,0.5,0,0
6,4,18,8,5,5,5,7,8,0,1,0.5,0,0.5,0,0.5,0.5,1,1,0
17,12,16,9,5,4,3,5,13,0.5,1,0.5,0,0,0.5,0,0,1,0,1
16,7,15,11,5,6,8,7,7,0,0.5,0,0,1,1,0,1,0,0,0
11,2,13,1,5,5,3,6,3,0,0,0.5,0,1,0.5,1,0,1,1,0
15,5,14,7,5,3,8,8,5,0.5,1,0.5,0.5,0,0.5,1,0.5,1,0.5,0
1,19,3,6,5,9,5,8,7,1,0.5,1,0.5,1,1,1,0,1,1,1
20,18,10,5,5,4,7,8,10,1,0,0,1,0,0,1,1,1,1,0
10,8,20,17,5,7,3,4,11,0,0.5,0,0,0,0.5,0.5,0,0,0,0
14,13,4,12,5,2,8,5,3,0,0,1,1,1,0,1,0,0.5,1,0
4,17,8,16,6,7,11,7,4,0,0.5,0.5,1,1,0.5,1,0.5,0,0,0
5,12,7,9,6,9,5,6,16,0.5,1,0.5,1,0.5,0.5,0,0,1,0,1
9,6,19,18,6,6,6,8,5,0.5,0,0,0.5,0,0,1,0.5,0,0.5,0
18,1,5,3,6,10,11,10,8,0,1,1,1,1,1,0.5,1,0.5,1,1
7,14,11,4,6,8,7,3,9,1,0,1,0,0,0,0,1,1,1,1
2,16,1,15,6,9,3,6,9,0.5,1,0,1,1,0,0.5,0,0,1,1
19,10,6,20,6,11,8,9,4,1,1,0,1,1,0,0.5,0,0,0,0
13,15,12,14,6,6,4,3,9,0,1,0,0.5,1,0.5,1,0.5,0.5,0,0
20,11,10,13,6,5,9,5,6,1,0,0,1,0,0,0,0.5,0,1,0
8,3,17,2,6,5,13,18,4,0.5,0.5,0,0,0,1,1,1,0,1,0
5,4,7,8,7,11,8,7,12,0.5,1,0.5,1,0.5,0,0.5,0.5,1,1,1
17,9,16,19,7,8,4,9,6,0.5,1,0.5,0,0,0.5,0,0,0.5,0,0
11,18,13,5,7,6,6,11,16,0,0,0.5,0,1,0,1,1,1,1,0
14,2,4,1,7,4,13,11,5,0,0,1,1,1,0.5,1,0,1,1,0
10,1,20,3,7,10,5,15,9,0,0.5,0,0,0,1,0.5,1,0.5,1,0
15,7,14,11,7,4,10,12,8,0.5,1,0.5,0.5,0,1,0,1,0,0,0
12,13,9,12,7,9,18,7,5,0.5,0,0,1,0,0,1,0,0.5,1,0
3,19,2,6,7,19,4,12,9,1,1,1,0,1,1,1,0,1,1,1
6,8,18,17,7,8,8,5,14,0,1,0.5,0,0.5,0.5,0.5,0,0,0,0
16,20,15,10,7,8,11,5,10,0,0.5,0,0,1,1,0,0,1,0,0
1,3,3,2,8,17,9,22,5,1,0.5,1,0.5,1,1,1,1,0,1,0
9,5,19,7,8,10,7,12,11,0.5,0,0,0.5,0,0.5,1,0.5,1,0.5,1
8,17,17,16,8,5,15,9,5,0.5,0.5,0,0,0,0.5,1,0.5,0,0,1
2,15,1,14,8,12,5,5,11,0.5,1,0,1,1,0.5,1,0.5,0.5,0,0
11,16,13,15,8,8,7,9,12,0,0,0.5,0,1,0,0.5,0,0,1,1
19,6,6,18,8,13,12,9,8,1,1,0,1,1,0,1,0.5,0,0.5,1
20,14,10,4,8,6,11,4,14,1,0,0,1,0,0,0,1,1,1,1
7,12,11,9,8,13,9,10,20,1,0,1,0,0,0.5,0,0,1,0,0
13,4,12,8,8,9,6,10,13,0,1,0,0.5,1,0,0.5,0.5,1,1,0
18,10,5,20,8,12,18,10,7,0,1,1,1,1,0,0.5,0,0,0,0
12,2,9,1,9,11,22,13,5,0.5,0,0,1,0,0.5,1,0,1,1,0
6,1,18,3,9,10,11,18,10,0,1,0.5,0,0.5,1,0.5,1,0.5,1,1
13,9,12,19,9,9,7,13,8,0,1,0,0.5,1,0.5,0,0,0.5,0,1
5,8,7,17,9,13,14,9,17,0.5,1,0.5,1,0.5,0.5,0.5,0,0,0,0
14,11,4,13,9,6,17,12,8,0,0,1,1,1,0,0,0.5,0,1,0
16,18,15,5,9,10,16,12,19,0,0.5,0,0,1,0,1,1,1,1,0
4,7,8,11,9,11,13,15,10,0,0.5,0.5,1,1,1,0,1,0,0,0
3,10,2,20,9,23,6,11,7,1,1,1,0,1,0,0.5,0,0,0,0
15,20,14,10,9,5,12,9,13,0.5,1,0.5,0.5,0,1,0,0,1,0,0
17,19,16,6,9,11,9,16,13,0.5,1,0.5,0,0,1,1,0,1,1,0
19,5,6,7,10,16,15,14,16,1,1,0,1,1,0.5,1,0.5,1,0.5,1
2,4,1,8,10,15,6,11,13,0.5,1,0,1,1,0,0.5,0.5,1,1,0
1,17,3,16,10,20,12,13,9,1,0.5,1,0.5,1,0.5,1,0.5,0,0,1
18,3,5,2,10,13,20,25,7,0,1,1,1,1,1,1,1,0,1,0
10,6,20,18,10,12,9,12,13,0,0.5,0,0,0,0,1,0.5,0,0.5,0
20,12,10,9,10,9,13,12,24,1,0,0,1,0,0.5,0,0,1,0,0
8,13,17,12,10,11,18,12,8,0.5,0.5,0,0,0,0,1,0,0.5,1,0
11,15,13,14,10,13,8,5,12,0,0,0.5,0,1,0.5,1,0.5,0.5,0,0
16,14,15,4,10,11,17,6,18,0,0.5,0,0,1,0,0,1,1,1,0
7,9,11,19,10,15,10,14,11,1,0,1,0,0,0.5,0,0,0.5,0,0
9,2,19,1,11,15,13,15,7,0.5,0,0,0.5,0,0.5,1,0,1,1,0
17,10,16,20,11,14,14,14,9,0.5,1,0.5,0,0,0,0.5,0,0,0,0
6,3,18,2,11,12,15,26,7,0,1,0.5,0,0.5,1,1,1,0,1,0
5,1,7,3,11,17,19,25,13,0.5,1,0.5,1,0.5,1,0.5,1,0.5,1,1
15,16,14,15,11,6,13,11,17,0.5,1,0.5,0.5,0,0,0.5,0,0,1,0
14,18,4,5,11,6,18,13,21,0,0,1,1,1,0,1,1,1,1,0
4,20,8,10,11,12,13,11,13,0,0.5,0.5,1,1,1,0,0,1,0,0
12,11,9,13,11,12,26,14,9,0.5,0,0,1,0,0,0,0.5,0,1,0
7,8,11,17,11,17,11,11,20,1,0,1,0,0,0.5,0.5,0,0,0,0
13,19,12,6,11,14,8,19,18,0,1,0,0.5,1,1,1,0,1,1,0
10,5,20,7,12,15,10,20,20,0,0.5,0,0,0,0.5,1,0.5,1,0.5,0
3,17,2,16,12,29,7,15,15,1,1,1,0,1,0.5,1,0.5,0,0,0
1,13,3,12,12,26,16,14,9,1,0.5,1,0.5,1,0,1,0,0.5,1,0
18,6,5,18,12,14,22,12,18,0,1,1,1,1,0,1,0.5,0,0.5,1
20,9,10,19,12,11,15,16,15,1,0,0,1,0,0.5,0,0,0.5,0,1
16,12,15,9,12,13,17,12,26,0,0.5,0,0,1,0.5,0,0,1,0,0
11,4,13,8,12,14,9,14,13,0,0,0.5,0,1,0,0.5,0.5,1,1,0
2,8,1,17,12,17,8,11,21,0.5,1,0,1,1,0.5,0.5,0,0,0,0
19,7,6,11,12,20,18,18,11,1,1,0,1,1,1,0,1,0,0,0
14,15,4,14,12,7,19,6,15,0,0,1,1,1,0.5,1,0.5,0.5,0,1
5,3,7,2,13,20,21,31,7,0.5,1,0.5,1,0.5,1,1,1,0,1,0
7,1,11,3,13,18,11,26,16,1,0,1,0,0,1,0.5,1,0.5,1,0
17,6,16,18,13,15,17,16,19,0.5,1,0.5,0,0,0,1,0.5,0,0.5,0
2,19,1,6,13,17,10,20,18,0.5,1,0,1,1,1,1,0,1,1,1
15,18,14,5,13,7,19,15,26,0.5,1,0.5,0.5,0,0,1,1,1,1,1
4,16,8,15,13,15,15,16,17,0,0.5,0.5,1,1,0,0.5,0,0,1,1
9,11,19,13,13,18,18,16,10,0.5,0,0,0.5,0,0,0,0.5,0,1,1
13,10,12,20,13,14,9,16,10,0,1,0,0.5,1,0,0.5,0,0,0,0
8,20,17,10,13,13,21,14,17,0.5,0.5,0,0,0,1,0,0,1,0,0
12,14,9,4,13,12,29,11,20,0.5,0,0,1,0,0,0,1,1,1,0
1,2,3,1,14,26,17,19,12,1,0.5,1,0.5,1,0.5,1,0,1,1,0
6,5,18,7,14,18,19,21,21,0,1,0.5,0,0.5,0.5,1,0.5,1,0.5,0
11,8,13,17,14,17,14,13,21,0,0,0.5,0,1,0.5,0.5,0,0,0,0
14,4,4,8,14,12,21,19,15,0,0,1,1,1,0,0.5,0.5,1,1,0
20,19,10,6,14,14,17,22,20,1,0,0,1,0,1,1,0,1,1,1
16,9,15,19,14,16,21,22,19,0,0.5,0,0,1,0.5,0,0,0.5,0,0
15,12,14,9,14,11,21,13,30,0.5,1,0.5,0.5,0,0.5,0,0,1,0,0
18,17,5,16,14,17,30,15,19,0,1,1,1,1,0.5,1,0.5,0,0,0
10,7,20,11,14,17,12,19,11,0,0.5,0,0,0,1,0,1,0,0,1
3,13,2,12,14,31,8,16,10,1,1,1,0,1,0,1,0,0.5,1,1
5,17,7,16,15,22,23,15,21,0.5,1,0.5,1,0.5,0.5,1,0.5,0,0,1
4,15,8,14,15,20,16,11,23,0,0.5,0.5,1,1,0.5,1,0.5,0.5,0,0
20,1,10,3,15,16,21,27,17,1,0,0,1,0,1,0.5,1,0.5,1,0
8,16,17,15,15,15,22,19,21,0.5,0.5,0,0,0,0,0.5,0,0,1,0
2,10,1,20,15,19,13,19,14,0.5,1,0,1,1,0,0.5,0,0,0,0
9,14,19,4,15,22,22,13,22,0.5,0,0,0.5,0,0,0,1,1,1,0
19,11,6,13,15,26,22,18,16,1,1,0,1,1,0,0,0.5,0,1,0
12,18,9,5,15,15,30,19,30,0.5,0,0,1,0,0,1,1,1,1,0
13,6,12,18,15,19,11,20,20,0,1,0,0.5,1,0,1,0.5,0,0.5,0
7,3,11,2,15,21,13,32,11,1,0,1,0,0,1,1,1,0,1,0
9,13,19,12,17,23,26,22,15,0.5,0,0,0.5,0,0,1,0,0.5,1,1
17,10,16,20,17,19,25,21,17,0.5,1,0.5,0,0,0,0.5,0,0,0,0
12,1,9,3,17,20,34,31,20,0.5,0,0,1,0,1,0.5,1,0.5,1,1
5,4,7,8,17,26,26,23,20,0.5,1,0.5,1,0.5,0,0.5,0.5,1,1,0
20,16,10,15,17,19,23,20,24,1,0,0,1,0,0,0.5,0,0,1,0
8,3,17,2,17,18,23,33,11,0.5,0.5,0,0,0,1,1,1,0,1,1
2,11,1,13,17,21,15,19,20,0.5,1,0,1,1,0,0,0.5,0,1,0
14,18,4,5,17,16,25,21,34,0,0,1,1,1,0,1,1,1,1,0
15,19,14,6,17,14,24,30,23,0.5,1,0.5,0.5,0,1,1,0,1,1,0
6,7,18,11,17,22,23,23,13,0,1,0.5,0,0.5,1,0,1,0,0,0
1,5,3,7,18,34,21,26,26,1,0.5,1,0.5,1,0.5,1,0.5,1,0.5,0
11,17,13,16,18,20,21,20,26,0,0,0.5,0,1,0.5,1,0.5,0,0,0
3,15,2,14,18,35,13,14,27,1,1,1,0,1,0.5,1,0.5,0.5,0,0
20,2,10,1,18,19,24,22,16,1,0,0,1,0,0.5,1,0,1,1,1
19,4,6,8,18,33,23,23,20,1,1,0,1,1,0,0.5,0.5,1,1,0
16,6,15,18,18,21,24,22,23,0,0.5,0,0,1,0,1,0.5,0,0.5,0
13,14,12,4,18,24,19,17,25,0,1,0,0.5,1,0,0,1,1,1,0
7,9,11,19,18,23,13,27,28,1,0,1,0,0,0.5,0,0,0.5,0,0
10,8,20,17,18,22,18,20,25,0,0.5,0,0,0,0.5,0.5,0,0,0,0
18,12,5,9,18,21,35,21,37,0,1,1,1,1,0.5,0,0,1,0,0
9,6,19,18,19,29,29,23,23,0.5,0,0,0.5,0,0,1,0.5,0,0.5,0
5,18,7,5,19,27,27,21,35,0.5,1,0.5,1,0.5,0,1,1,1,1,0
4,3,8,2,19,24,21,37,14,0,0.5,0.5,1,1,1,1,1,0,1,0
15,10,14,20,19,15,29,24,18,0.5,1,0.5,0.5,0,0,0.5,0,0,0,0
12,13,9,12,19,21,37,24,19,0.5,0,0,1,0,0,1,0,0.5,1,0
14,7,4,11,19,17,25,24,15,0,0,1,1,1,1,0,1,0,0,0
19,1,6,3,19,34,24,35,22,1,1,0,1,1,1,0.5,1,0.5,1,0
8,11,17,13,19,20,27,23,21,0.5,0.5,0,0,0,0,0,0.5,0,1,1
2,16,1,15,19,23,19,21,25,0.5,1,0,1,1,0,0.5,0,0,1,0
17,20,16,10,19,20,29,22,25,0.5,1,0.5,0,0,1,0,0,1,0,0
2,17,1,16,20,26,19,21,30,0.5,1,0,1,1,0.5,1,0.5,0,0,1
3,1,2,3,20,37,15,36,23,1,1,1,0,1,1,0.5,1,0.5,1,0
13,5,12,7,20,24,20,27,28,0,1,0,0.5,1,0.5,1,0.5,1,0.5,1
6,14,18,4,20,24,24,19,25,0,1,0.5,0,0.5,0,0,1,1,1,1
16,9,15,19,20,21,28,30,30,0,0.5,0,0,1,0.5,0,0,0.5,0,0
7,12,11,9,20,24,17,22,37,1,0,1,0,0,0.5,0,0,1,0,0
11,15,13,14,20,25,23,15,30,0,0,0.5,0,1,0.5,1,0.5,0.5,0,0
10,4,20,8,20,25,18,25,21,0,0.5,0,0,0,0,0.5,0.5,1,1,1
20,8,10,17,20,23,26,22,29,1,0,0,1,0,0.5,0.5,0,0,0,0
18,19,5,6,20,22,35,35,25,0,1,1,1,1,1,1,0,1,1,1
3,18,2,5,21,38,15,24,37,1,1,1,0,1,0,1,1,1,1,0
12,6,9,18,21,23,38,27,25,0.5,0,0,1,0,0,1,0.5,0,0.5,0
4,11,8,13,21,28,22,26,23,0,0.5,0.5,1,1,0,0,0.5,0,1,1
14,9,4,19,21,20,28,30,32,0,0,1,1,1,0.5,0,0,0.5,0,0
1,10,3,20,21,36,24,26,21,1,0.5,1,0.5,1,0,0.5,0,0,0,0
17,16,16,15,21,24,31,23,28,0.5,1,0.5,0,0,0,0.5,0,0,1,0
5,7,7,11,21,30,29,25,18,0.5,1,0.5,1,0.5,1,0,1,0,0,0
8,2,17,1,21,22,32,27,22,0.5,0.5,0,0,0,0.5,1,0,1,1,1
15,20,14,10,21,15,31,26,26,0.5,1,0.5,0.5,0,1,0,0,1,0,1
19,13,6,12,21,37,27,25,23,1,1,0,1,1,0,1,0,0.5,1,1
6,5,18,7,22,28,25,32,30,0,1,0.5,0,0.5,0.5,1,0.5,1,0.5,1
9,12,19,9,22,30,33,23,39,0.5,0,0,0.5,0,0.5,0,0,1,0,0
13,3,12,2,22,27,25,40,15,0,1,0,0.5,1,1,1,1,0,1,0
11,1,13,3,22,28,25,36,24,0,0,0.5,0,1,1,0.5,1,0.5,1,0
16,14,15,4,22,23,29,21,28,0,0.5,0,0,1,0,0,1,1,1,0
2,15,1,14,22,29,25,18,33,0.5,1,0,1,1,0.5,1,0.5,0.5,0,1
10,18,20,5,22,26,21,24,39,0,0.5,0,0,0,0,1,1,1,1,0
17,8,16,17,22,25,31,25,34,0.5,1,0.5,0,0,0.5,0.5,0,0,0,0
7,19,11,6,22,26,20,39,29,1,0,1,0,0,1,1,0,1,1,0
20,4,10,8,22,28,29,30,24,1,0,0,1,0,0,0.5,0.5,1,1,0
4,2,8,1,23,31,26,32,26,0,0.5,0.5,1,1,0.5,1,0,1,1,0
5,9,7,19,23,35,31,31,33,0.5,1,0.5,1,0.5,0.5,0,0,0.5,0,0
12,14,9,4,23,23,40,22,28,0.5,0,0,1,0,0,0,1,1,1,1
19,6,6,18,23,39,30,29,28,1,1,0,1,1,0,1,0.5,0,0.5,0
8,16,17,15,23,26,35,23,30,0.5,0.5,0,0,0,0,0.5,0,0,1,1
18,11,5,13,23,25,40,28,27,0,1,1,1,1,0,0,0.5,0,1,0
10,13,20,12,23,27,22,29,26,0,0.5,0,0,0,0,1,0,0.5,1,0
3,7,2,11,23,41,17,27,20,1,1,1,0,1,1,0,1,0,0,0
15,17,14,16,23,19,36,26,32,0.5,1,0.5,0.5,0,0.5,1,0.5,0,0,0
1,20,3,10,23,38,24,30,30,1,0.5,1,0.5,1,1,0,0,1,0,0
6,3,18,2,24,30,30,41,17,0,1,0.5,0,0.5,1,1,1,0,1,1
2,1,1,3,24,32,27,41,24,0.5,1,0,1,1,1,0.5,1,0.5,1,0
17,4,16,8,24,29,32,32,26,0.5,1,0.5,0,0,0,0.5,0.5,1,1,0
20,18,10,5,24,30,33,27,41,1,0,0,1,0,0,1,1,1,1,0
8,15,17,14,24,31,36,19,39,0.5,0.5,0,0,0,0.5,1,0.5,0.5,0,0
7,10,11,20,24,27,20,27,23,1,0,1,0,0,0,0.5,0,0,0,0
14,5,4,7,24,25,30,36,33,0,0,1,1,1,0.5,1,0.5,1,0.5,0
16,12,15,9,24,24,35,25,43,0,0.5,0,0,1,0.5,0,0,1,0,0
9,19,19,6,24,33,34,41,31,0.5,0,0,0.5,0,1,1,0,1,1,0
11,13,13,12,24,29,29,30,26,0,0,0.5,0,1,0,1,0,0.5,1,0
18,2,5,1,25,28,42,32,29,0,1,1,1,1,0.5,1,0,1,1,0
5,12,7,9,25,37,35,26,45,0.5,1,0.5,1,0.5,0.5,0,0,1,0,1
10,6,20,18,25,29,24,33,33,0,0.5,0,0,0,0,1,0.5,0,0.5,0
1,17,3,16,25,43,24,30,32,1,0.5,1,0.5,1,0.5,1,0.5,0,0,0
4,8,8,17,25,32,27,33,37,0,0.5,0.5,1,1,0.5,0.5,0,0,0,0
3,9,2,19,25,44,20,34,35,1,1,1,0,1,0.5,0,0,0.5,0,0
15,16,14,15,25,20,41,26,36,0.5,1,0.5,0.5,0,0,0.5,0,0,1,0
19,14,6,4,25,42,32,27,31,1,1,0,1,1,0,0,1,1,1,0
13,20,12,10,25,32,27,31,34,0,1,0,0.5,1,1,0,0,1,0,0
11,7,13,11,25,30,31,28,22,0,0,0.5,0,1,1,0,1,0,0,1
8,1,17,3,26,33,40,45,24,0.5,0.5,0,0,0,1,0.5,1,0.5,1,1
15,4,14,8,26,20,41,35,27,0.5,1,0.5,0.5,0,0,0.5,0.5,1,1,1
14,3,4,2,26,27,32,44,22,0,0,1,1,1,1,1,1,0,1,0
9,10,19,20,26,36,35,31,25,0.5,0,0,0.5,0,0,0.5,0,0,0,1
17,18,16,5,26,30,34,29,42,0.5,1,0.5,0,0,0,1,1,1,1,1
6,11,18,13,26,34,35,31,35,0,1,0.5,0,0.5,0,0,0.5,0,1,0
20,7,10,11,26,32,35,32,23,1,0,0,1,0,1,0,1,0,0,0
12,19,9,6,26,27,48,43,32,0.5,0,0,1,0,1,1,0,1,1,0
2,13,1,12,26,32,30,33,28,0.5,1,0,1,1,0,1,0,0.5,1,0
16,5,15,7,26,26,36,40,36,0,0.5,0,0,1,0.5,1,0.5,1,0.5,0
19,5,6,7,27,45,33,41,38,1,1,0,1,1,0.5,1,0.5,1,0.5,1
3,12,2,9,27,46,23,28,50,1,1,1,0,1,0.5,0,0,1,0,0
18,8,5,17,27,33,42,35,42,0,1,1,1,1,0.5,0.5,0,0,0,0
11,9,13,19,27,33,36,41,36,0,0,0.5,0,1,0.5,0,0,0.5,0,0
1,15,3,14,27,47,26,23,42,1,0.5,1,0.5,1,0.5,1,0.5,0.5,0,1
7,2,11,1,27,32,24,33,32,1,0,1,0,0,0.5,1,0,1,1,1
20,6,10,18,27,33,35,35,37,1,0,0,1,0,0,1,0.5,0,0.5,1
10,14,20,4,27,32,30,28,34,0,0.5,0,0,0,0,0,1,1,1,0
13,17,12,16,27,35,29,30,38,0,1,0,0.5,1,0.5,1,0.5,0,0,0
4,16,8,15,27,36,30,28,37,0,0.5,0.5,1,1,0,0.5,0,0,1,1
2,6,1,18,28,37,34,38,39,0.5,1,0,1,1,0,1,0.5,0,0.5,0
5,3,7,2,28,43,41,47,24,0.5,1,0.5,1,0.5,1,1,1,0,1,1
4,1,8,3,28,38,32,50,27,0,0.5,0.5,1,1,1,0.5,1,0.5,1,0
12,10,9,20,28,29,51,33,32,0.5,0,0,1,0,0,0.5,0,0,0,0
15,18,14,5,28,24,45,34,43,0.5,1,0.5,0.5,0,0,1,1,1,1,1
8,13,17,12,28,36,43,35,31,0.5,0.5,0,0,0,0,1,0,0.5,1,0
14,11,4,13,28,30,35,34,38,0,0,1,1,1,0,0,0.5,0,1,0
17,7,16,11,28,32,38,34,28,0.5,1,0.5,0,0,1,0,1,0,0,0
9,20,19,10,28,43,37,35,38,0.5,0,0,0.5,0,1,0,0,1,0,0
16,19,15,6,28,30,39,48,35,0,0.5,0,0,1,1,1,0,1,1,0
18,4,5,8,29,37,44,38,33,0,1,1,1,1,0,0.5,0.5,1,1,0
2,9,1,19,29,38,34,44,38,0.5,1,0,1,1,0.5,0,0,0.5,0,0
10,5,20,7,29,34,33,44,44,0,0.5,0,0,0,0.5,1,0.5,1,0.5,0
6,17,18,16,29,38,40,34,38,0,1,0.5,0,0.5,0.5,1,0.5,0,0,0
20,14,10,4,29,36,39,32,35,1,0,0,1,0,0,0,1,1,1,0
11,12,13,9,29,34,40,30,52,0,0,0.5,0,1,0.5,0,0,1,0,0
1,16,3,15,29,51,27,30,40,1,0.5,1,0.5,1,0,0.5,0,0,1,1
3,19,2,6,29,50,25,49,35,1,1,1,0,1,1,1,0,1,1,0
7,8,11,17,29,34,30,38,43,1,0,1,0,0,0.5,0.5,0,0,0,0
13,15,12,14,29,35,33,25,48,0,1,0,0.5,1,0.5,1,0.5,0.5,0,0
17,9,16,19,30,34,40,44,39,0.5,1,0.5,0,0,0.5,0,0,0.5,0,0
1,18,3,5,30,56,27,40,44,1,0.5,1,0.5,1,0,1,1,1,1,0
19,10,6,20,30,50,35,35,34,1,1,0,1,1,0,0.5,0,0,0,0
15,7,14,11,30,26,50,35,30,0.5,1,0.5,0.5,0,1,0,1,0,0,1
5,11,7,13,30,45,45,34,40,0.5,1,0.5,1,0.5,0,0,0.5,0,1,0
12,20,9,10,30,30,52,36,39,0.5,0,0,1,0,1,0,0,1,0,0
14,2,4,1,30,32,35,39,34,0,0,1,1,1,0.5,1,0,1,1,1
4,13,8,12,30,38,36,37,34,0,0.5,0.5,1,1,0,1,0,0.5,1,0
8,6,17,18,30,38,44,40,40,0.5,0.5,0,0,0,0,1,0.5,0,0.5,0
16,3,15,2,30,30,45,50,26,0,0.5,0,0,1,1,1,1,0,1,0
2,12,1,9,31,41,36,31,52,0.5,1,0,1,1,0.5,0,0,1,0,1
17,14,16,4,31,35,42,34,37,0.5,1,0.5,0,0,0,0,1,1,1,1
9,8,19,17,31,46,40,38,47,0.5,0,0,0.5,0,0.5,0.5,0,0,0,0
20,5,10,7,31,36,40,45,46,1,0,0,1,0,0.5,1,0.5,1,0.5,0
6,15,18,14,31,43,40,29,51,0,1,0.5,0,0.5,0.5,1,0.5,0.5,0,0
10,3,20,2,31,35,34,50,28,0,0.5,0,0,0,1,1,1,0,1,1
11,19,13,6,31,35,40,50,35,0,0,0.5,0,1,1,1,0,1,1,0
7,4,11,8,31,36,33,40,36,1,0,1,0,0,0,0.5,0.5,1,1,0
13,1,12,3,31,37,36,59,27,0,1,0,0.5,1,1,0.5,1,0.5,1,0
18,16,5,15,31,40,47,32,45,0,1,1,1,1,0,0.5,0,0,1,1
4,6,8,18,32,40,37,43,41,0,0.5,0.5,1,1,0,1,0.5,0,0.5,0
5,2,7,1,32,46,48,44,38,0.5,1,0.5,1,0.5,0.5,1,0,1,1,0
12,17,9,16,32,33,55,36,45,0.5,0,0,1,0,0.5,1,0.5,0,0,1
8,14,17,4,32,39,48,37,38,0.5,0.5,0,0,0,0,0,1,1,1,1
16,10,15,20,32,34,47,37,38,0,0.5,0,0,1,0,0.5,0,0,0,0
1,7,3,11,32,59,29,37,33,1,0.5,1,0.5,1,1,0,1,0,0,1
3,11,2,13,32,54,30,36,41,1,1,1,0,1,0,0,0.5,0,1,0
19,20,6,10,32,51,36,38,41,1,1,0,1,1,1,0,0,1,0,1
15,9,14,19,32,30,51,47,41,0.5,1,0.5,0.5,0,0.5,0,0,0.5,0,1
18,13,5,12,32,42,49,39,36,0,1,1,1,1,0,1,0,0.5,1,0
17,5,16,7,33,38,47,47,48,0.5,1,0.5,0,0,0.5,1,0.5,1,0.5,0
9,4,19,8,33,49,44,41,37,0.5,0,0,0.5,0,0,0.5,0.5,1,1,0
6,1,18,3,33,43,42,62,30,0,1,0.5,0,0.5,1,0.5,1,0.5,1,1
20,3,10,2,33,39,44,56,30,1,0,0,1,0,1,1,1,0,1,1
13,16,12,15,33,39,37,34,48,0,1,0,0.5,1,0,0.5,0,0,1,0
7,18,11,5,33,38,36,43,49,1,0,1,0,0,0,1,1,1,1,0
8,12,17,9,33,40,51,35,57,0.5,0.5,0,0,0,0.5,0,0,1,0,1
2,19,1,6,33,44,39,54,37,0.5,1,0,1,1,1,1,0,1,1,1
14,15,4,14,33,40,39,33,53,0,0,1,1,1,0.5,1,0.5,0.5,0,0
11,10,13,20,33,36,43,38,38,0,0,0.5,0,1,0,0.5,0,0,0,0
3,2,2,1,34,59,33,47,41,1,1,1,0,1,0.5,1,0,1,1,0
1,9,3,19,34,67,31,51,44,1,0.5,1,0.5,1,0.5,0,0,0.5,0,0
18,6,5,18,34,43,50,44,47,0,1,1,1,1,0,1,0.5,0,0.5,0
5,8,7,17,34,47,49,42,54,0.5,1,0.5,1,0.5,0.5,0.5,0,0,0,0
15,12,14,9,34,34,55,38,59,0.5,1,0.5,0.5,0,0.5,0,0,1,0,0
4,14,8,4,34,41,39,42,40,0,0.5,0.5,1,1,0,0,1,1,1,0
13,7,12,11,34,39,37,39,36,0,1,0,0.5,1,1,0,1,0,0,1
16,11,15,13,34,34,48,36,43,0,0.5,0,0,1,0,0,0.5,0,1,0
19,17,6,16,34,56,40,39,47,1,1,0,1,1,0.5,1,0.5,0,0,1
10,20,20,10,34,38,38,42,47,0,0.5,0,0,0,1,0,0,1,0,1
9,18,19,5,35,51,44,45,50,0.5,0,0,0.5,0,0,1,1,1,1,1
17,3,16,2,35,41,49,60,34,0.5,1,0.5,0,0,1,1,1,0,1,0
8,19,17,6,35,42,55,58,42,0.5,0.5,0,0,0,1,1,0,1,1,1
12,4,9,8,35,38,61,42,39,0.5,0,0,1,0,0,0.5,0.5,1,1,0
14,1,4,3,35,42,41,67,31,0,0,1,1,1,1,0.5,1,0.5,1,1
20,11,10,13,35,44,49,36,45,1,0,0,1,0,0,0,0.5,0,1,0
15,5,14,7,35,36,55,48,49,0.5,1,0.5,0.5,0,0.5,1,0.5,1,0.5,0
7,16,11,15,35,42,38,36,48,1,0,1,0,0,0,0.5,0,0,1,1
6,13,18,12,35,44,49,41,40,0,1,0.5,0,0.5,0,1,0,0.5,1,0
2,10,1,20,35,48,42,40,40,0.5,1,0,1,1,0,0.5,0,0,0,0
4,5,8,7,36,43,39,49,51,0,0.5,0.5,1,1,0.5,1,0.5,1,0.5,0
10,17,20,16,36,41,41,41,49,0,0.5,0,0,0,0.5,1,0.5,0,0,1
1,12,3,9,36,70,32,38,62,1,0.5,1,0.5,1,0.5,0,0,1,0,1
13,9,12,19,36,41,41,55,46,0,1,0,0.5,1,0.5,0,0,0.5,0,0
18,14,5,4,36,47,54,43,44,0,1,1,1,1,0,0,1,1,1,1
3,8,2,17,36,60,34,44,58,1,1,1,0,1,0.5,0.5,0,0,0,0
7,6,11,18,36,46,39,45,49,1,0,1,0,0,0,1,0.5,0,0.5,0
16,20,15,10,36,37,52,46,49,0,0.5,0,0,1,1,0,0,1,0,0
11,2,13,1,36,36,47,49,43,0,0,0.5,0,1,0.5,1,0,1,1,0
19,15,6,14,36,61,44,38,56,1,1,0,1,1,0.5,1,0.5,0.5,0,0
5,1,7,3,37,50,53,72,34,0.5,1,0.5,1,0.5,1,0.5,1,0.5,1,1
12,18,9,5,37,40,64,48,58,0.5,0,0,1,0,0,1,1,1,1,0
6,16,18,15,37,45,51,37,54,0,1,0.5,0,0.5,0,0.5,0,0,1,1
4,19,8,6,37,45,40,63,45,0,0.5,0.5,1,1,1,1,0,1,1,0
14,13,4,12,37,47,45,42,41,0,0,1,1,1,0,1,0,0.5,1,1
8,10,17,20,37,45,60,44,43,0.5,0.5,0,0,0,0,0.5,0,0,0,0
17,11,16,13,37,43,52,36,50,0.5,1,0.5,0,0,0,0,0.5,0,1,0
9,7,19,11,37,55,47,48,39,0.5,0,0,0.5,0,1,0,1,0,0,0
2,20,1,10,37,52,43,48,49,0.5,1,0,1,1,1,0,0,1,0,0
15,3,14,2,37,39,58,62,35,0.5,1,0.5,0.5,0,1,1,1,0,1,1
3,4,2,8,38,64,37,46,42,1,1,1,0,1,0,0.5,0.5,1,1,1
18,5,5,7,38,48,59,52,55,0,1,1,1,1,0.5,1,0.5,1,0.5,0
6,9,18,19,38,49,53,57,48,0,1,0.5,0,0.5,0.5,0,0,0.5,0,0
13,12,12,9,38,44,43,41,64,0,1,0,0.5,1,0.5,0,0,1,0,1
20,17,10,16,38,49,51,43,53,1,0,0,1,0,0.5,1,0.5,0,0,0
11,8,13,17,38,37,50,46,61,0,0,0.5,0,1,0.5,0.5,0,0,0,1
1,19,3,6,38,74,36,65,46,1,0.5,1,0.5,1,1,1,0,1,1,1
7,14,11,4,38,49,41,49,47,1,0,1,0,0,0,0,1,1,1,0
16,2,15,1,38,39,58,54,44,0,0.5,0,0,1,0.5,1,0,1,1,0
10,15,20,14,38,45,44,41,60,0,0.5,0,0,0,0.5,1,0.5,0.5,0,0
17,2,16,1,1,2,0,1,1,0.5,1,0.5,0,0,0.5,1,0,1,1,0
1,3,3,2,1,3,3,4,2,1,0.5,1,0.5,1,1,1,1,0,1,0
12,7,9,11,1,1,3,1,2,0.5,0,0,1,0,1,0,1,0,0,1
15,11,14,13,1,1,1,1,3,0.5,1,0.5,0.5,0,0,0,0.5,0,1,0
8,20,17,10,1,3,1,0,2,0.5,0.5,0,0,0,1,0,0,1,0,0
9,16,19,15,1,0,2,1,1,0.5,0,0,0.5,0,0,0.5,0,0,1,0
5,13,7,12,1,1,0,3,1,0.5,1,0.5,1,0.5,0,1,0,0.5,1,0
19,18,6,5,1,3,3,0,1,1,1,0,1,1,0,1,1,1,1,0
4,10,8,20,1,2,4,1,1,0,0.5,0.5,1,1,0,0.5,0,0,0,0
14,6,4,18,1,2,1,2,0,0,0,1,1,1,0,1,0.5,0,0.5,0
3,6,2,18,5,10,6,9,2,1,1,1,0,1,0,1,0.5,0,0.5,0
4,17,8,16,5,7,9,9,6,0,0.5,0.5,1,1,0.5,1,0.5,0,0,0
1,2,3,1,5,6,5,7,8,1,0.5,1,0.5,1,0.5,1,0,1,1,0
18,20,5,10,5,4,4,5,5,0,1,1,1,1,1,0,0,1,0,0
5,14,7,4,5,6,6,6,6,0.5,1,0.5,1,0.5,0,0,1,1,1,0
15,8,14,17,5,8,7,5,5,0.5,1,0.5,0.5,0,0.5,0.5,0,0,0,0
10,7,20,11,5,2,4,8,9,0,0.5,0,0,0,1,0,1,0,0,1
13,11,12,13,5,9,6,6,8,0,1,0,0.5,1,0,0,0.5,0,1,0
19,9,6,19,5,7,9,5,6,1,1,0,1,1,0.5,0,0,0.5,0,0
12,16,9,15,5,5,11,4,6,0.5,0,0,1,0,0,0.5,0,0,1,0
17,1,16,3,6,9,7,6,7,0.5,1,0.5,0,0,1,0.5,1,0.5,1,1
6,10,18,20,6,10,4,4,7,0,1,0.5,0,0.5,0,0.5,0,0,0,0
9,3,19,2,6,5,6,12,7,0.5,0,0,0.5,0,1,1,1,0,1,0
12,5,9,7,6,5,12,6,7,0.5,0,0,1,0,0.5,1,0.5,1,0.5,0
2,18,1,5,6,9,8,5,6,0.5,1,0,1,1,0,1,1,1,1,0
8,4,17,8,6,5,6,8,9,0.5,0.5,0,0,0,0,0.5,0.5,1,1,0
16,15,15,14,6,5,6,9,7,0,0.5,0,0,1,0.5,1,0.5,0.5,0,0
14,19,4,6,6,7,6,7,9,0,0,1,1,1,1,1,0,1,1,0
7,11,11,13,6,11,11,9,8,1,0,1,0,0,0,0,0.5,0,1,0
20,13,10,12,6,7,6,9,9,1,0,0,1,0,0,1,0,0.5,1,1
5,19,7,6,7,7,8,7,10,0.5,1,0.5,1,0.5,1,1,0,1,1,0
12,3,9,2,7,6,13,12,7,0.5,0,0,1,0,1,1,1,0,1,1
17,13,16,12,7,12,10,12,10,0.5,1,0.5,0,0,0,1,0,0.5,1,0
6,20,18,10,7,11,5,8,9,0,1,0.5,0,0.5,1,0,0,1,0,0
2,7,1,11,7,11,9,11,13,0.5,1,0,1,1,1,0,1,0,0,1
8,18,17,5,7,6,7,6,8,0.5,0.5,0,0,0,0,1,1,1,1,0
9,11,19,13,7,5,6,11,8,0.5,0,0,0.5,0,0,0,0.5,0,1,1
14,10,4,20,7,8,6,5,8,0,0,1,1,1,0,0.5,0,0,0,1
16,4,15,8,7,5,7,9,10,0,0.5,0,0,1,0,0.5,0.5,1,1,1
15,1,14,3,7,10,7,9,10,0.5,1,0.5,0.5,0,1,0.5,1,0.5,1,1
6,2,18,1,9,15,6,15,10,0,1,0.5,0,0.5,0.5,1,0,1,1,0
3,5,2,7,9,18,9,11,9,1,1,1,0,1,0.5,1,0.5,1,0.5,0
1,4,3,8,9,11,13,11,14,1,0.5,1,0.5,1,0,0.5,0.5,1,1,1
19,16,6,15,9,8,14,8,10,1,1,0,1,1,0,0.5,0,0,1,0
13,8,12,17,9,13,11,6,9,0,1,0,0.5,1,0.5,0.5,0,0,0,1
20,9,10,19,9,11,11,9,9,1,0,0,1,0,0.5,0,0,0.5,0,0
10,12,20,9,9,8,12,10,15,0,0.5,0,0,0,0.5,0,0,1,0,1
7,17,11,16,9,12,18,12,14,1,0,1,0,0,0.5,1,0.5,0,0,0
11,14,13,4,9,12,13,11,11,0,0,0.5,0,1,0,0,1,1,1,1
18,15,5,14,9,10,8,14,9,0,1,1,1,1,0.5,1,0.5,0.5,0,0
4,18,8,5,10,12,17,12,9,0,0.5,0.5,1,1,0,1,1,1,1,0
9,2,19,1,10,9,10,17,11,0.5,0,0,0.5,0,0.5,1,0,1,1,0
5,10,7,20,10,11,11,11,13,0.5,1,0.5,1,0.5,0,0.5,0,0,0,0
19,3,6,2,10,9,15,20,9,1,1,0,1,1,1,1,1,0,1,0
12,11,9,13,10,11,18,15,14,0.5,0,0,1,0,0,0,0.5,0,1,0
14,20,4,10,10,12,14,12,11,0,0,1,1,1,1,0,0,1,0,0
17,6,16,18,10,12,14,16,8,0.5,1,0.5,0,0,0,1,0.5,0,0.5,0
15,13,14,12,10,15,11,15,13,0.5,1,0.5,0.5,0,0,1,0,0.5,1,0
8,7,17,11,10,8,11,12,18,0.5,0.5,0,0,0,1,0,1,0,0,0
16,1,15,3,10,9,11,14,14,0,0.5,0,0,1,1,0.5,1,0.5,1,1
9,17,19,16,11,12,10,13,15,0.5,0,0,0.5,0,0.5,1,0.5,0,0,1
18,1,5,3,11,13,10,17,15,0,1,1,1,1,1,0.5,1,0.5,1,0
7,15,11,14,11,14,19,17,12,1,0,1,0,0,0.5,1,0.5,0.5,0,0
3,16,2,15,11,21,10,10,14,1,1,1,0,1,0,0.5,0,0,1,1
6,8,18,17,11,17,9,9,13,0,1,0.5,0,0.5,0.5,0.5,0,0,0,0
11,5,13,7,11,15,14,11,11,0,0,0.5,0,1,0.5,1,0.5,1,0.5,0
20,12,10,9,11,12,14,11,18,1,0,0,1,0,0.5,0,0,1,0,1
10,19,20,6,11,11,13,10,16,0,0.5,0,0,0,1,1,0,1,1,0
2,14,1,4,11,17,14,15,14,0.5,1,0,1,1,0,0,1,1,1,0
13,4,12,8,11,16,15,13,18,0,1,0,0.5,1,0,0.5,0.5,1,1,1
12,2,9,1,12,12,21,19,15,0.5,0,0,1,0,0.5,1,0,1,1,0
16,18,15,5,12,11,17,13,10,0,0.5,0,0,1,0,1,1,1,1,0
5,20,7,10,12,12,13,15,15,0.5,1,0.5,1,0.5,1,0,0,1,0,1
19,11,6,13,12,12,17,17,15,1,1,0,1,1,0,0,0.5,0,1,0
4,7,8,11,12,15,20,15,20,0,0.5,0.5,1,1,1,0,1,0,0,0
14,17,4,16,12,16,16,14,18,0,0,1,1,1,0.5,1,0.5,0,0,0
15,6,14,18,12,18,13,17,11,0.5,1,0.5,0.5,0,0,1,0.5,0,0.5,0
8,9,17,19,12,11,13,15,11,0.5,0.5,0,0,0,0.5,0,0,0.5,0,1
3,10,2,20,12,24,11,12,15,1,1,1,0,1,0,0.5,0,0,0,0
1,13,3,12,12,17,15,18,17,1,0.5,1,0.5,1,0,1,0,0.5,1,0
6,4,18,8,13,17,13,17,20,0,1,0.5,0,0.5,0,0.5,0.5,1,1,0
17,12,16,9,13,15,18,12,23,0.5,1,0.5,0,0,0.5,0,0,1,0,0
2,5,1,7,13,21,15,12,17,0.5,1,0,1,1,0.5,1,0.5,1,0.5,1
14,8,4,17,13,16,17,14,14,0,0,1,1,1,0.5,0.5,0,0,0,1
9,15,19,14,13,16,14,20,13,0.5,0,0,0.5,0,0.5,1,0.5,0.5,0,0
11,3,13,2,13,17,18,27,11,0,0,0.5,0,1,1,1,1,0,1,0
13,18,12,5,13,18,18,14,10,0,1,0,0.5,1,0,1,1,1,1,0
20,19,10,6,13,19,15,15,17,1,0,0,1,0,1,1,0,1,1,1
10,16,20,15,13,12,18,11,18,0,0.5,0,0,0,0,0.5,0,0,1,0
7,1,11,3,13,15,22,18,15,1,0,1,0,0,1,0.5,1,0.5,1,0
5,17,7,16,14,14,20,16,18,0.5,1,0.5,1,0.5,0.5,1,0.5,0,0,0
1,6,3,18,14,19,16,18,14,1,0.5,1,0.5,1,0,1,0.5,0,0.5,0
4,9,8,19,14,18,21,18,14,0,0.5,0.5,1,1,0.5,0,0,0.5,0,0
15,14,14,4,14,20,15,18,19,0.5,1,0.5,0.5,0,0,0,1,1,1,0
3,20,2,10,14,27,12,22,18,1,1,1,0,1,1,0,0,1,0,0
10,11,20,13,14,13,18,18,18,0,0.5,0,0,0,0,0,0.5,0,1,0
12,8,9,17,14,12,24,16,16,0.5,0,0,1,0,0.5,0.5,0,0,0,0
19,2,6,1,14,18,20,24,17,1,1,0,1,1,0.5,1,0,1,1,0
16,13,15,12,14,11,19,20,19,0,0.5,0,0,1,0,1,0,0.5,1,1
18,7,5,11,14,15,12,16,23,0,1,1,1,1,1,0,1,0,0,1
9,1,19,3,15,20,14,19,17,0.5,0,0,0.5,0,1,0.5,1,0.5,1,1
2,3,1,2,15,24,18,29,12,0.5,1,0,1,1,1,1,1,0,1,0
6,18,18,5,15,19,14,19,12,0,1,0.5,0,0.5,0,1,1,1,1,0
8,5,17,7,15,18,17,14,21,0.5,0.5,0,0,0,0.5,1,0.5,1,0.5,1
7,13,11,12,15,16,27,21,22,1,0,1,0,0,0,1,0,0.5,1,0
17,19,16,6,15,17,18,19,20,0.5,1,0.5,0,0,1,1,0,1,1,0
12,15,9,14,15,13,26,22,15,0.5,0,0,1,0,0.5,1,0.5,0.5,0,0
11,16,13,15,15,18,20,14,20,0,0,0.5,0,1,0,0.5,0,0,1,0
14,4,4,8,15,18,21,18,23,0,0,1,1,1,0,0.5,0.5,1,1,0
20,10,10,20,15,22,20,15,18,1,0,0,1,0,0,0.5,0,0,0,0
19,8,6,17,16,19,21,23,18,1,1,0,1,1,0.5,0.5,0,0,0,0
4,12,8,9,16,20,23,13,29,0,0.5,0.5,1,1,0.5,0,0,1,0,0
18,9,5,19,16,20,13,22,16,0,1,1,1,1,0.5,0,0,0.5,0,1
3,17,2,16,16,31,13,18,18,1,1,1,0,1,0.5,1,0.5,0,0,0
10,2,20,1,16,15,20,25,20,0,0.5,0,0,0,0.5,1,0,1,1,0
5,15,7,14,16,15,26,25,15,0.5,1,0.5,1,0.5,0.5,1,0.5,0.5,0,0
11,20,13,10,16,18,21,24,20,0,0,0.5,0,1,1,0,0,1,0,1
1,14,3,4,16,21,19,18,23,1,0.5,1,0.5,1,0,0,1,1,1,1
16,7,15,11,16,15,20,16,27,0,0.5,0,0,1,1,0,1,0,0,1
13,6,12,18,16,21,22,20,15,0,1,0,0.5,1,0,1,0.5,0,0.5,0
19,5,6,7,17,20,21,16,27,1,1,0,1,1,0.5,1,0.5,1,0.5,1
1,18,3,5,17,24,21,21,16,1,0.5,1,0.5,1,0,1,1,1,1,0
6,20,18,10,17,21,16,28,21,0,1,0.5,0,0.5,1,0,0,1,0,0
17,14,16,4,17,19,20,20,26,0.5,1,0.5,0,0,0,0,1,1,1,0
11,10,13,20,17,19,25,16,20,0,0,0.5,0,1,0,0.5,0,0,0,0
12,13,9,12,17,13,31,22,23,0.5,0,0,1,0,0,1,0,0.5,1,1
15,9,14,19,17,26,16,25,17,0.5,1,0.5,0.5,0,0.5,0,0,0.5,0,0
4,16,8,15,17,22,23,18,21,0,0.5,0.5,1,1,0,0.5,0,0,1,1
8,3,17,2,17,23,19,33,14,0.5,0.5,0,0,0,1,1,1,0,1,0
7,2,11,1,17,17,30,25,21,1,0,1,0,0,0.5,1,0,1,1,0
10,6,20,18,18,16,23,21,16,0,0.5,0,0,0,0,1,0.5,0,0.5,0
13,1,12,3,18,23,26,27,21,0,1,0,0.5,1,1,0.5,1,0.5,1,1
4,7,8,11,18,25,25,17,31,0,0.5,0.5,1,1,1,0,1,0,0,0
5,15,7,14,18,18,29,26,17,0.5,1,0.5,1,0.5,0.5,1,0.5,0.5,0,0
16,17,15,16,18,20,24,21,20,0,0.5,0,0,1,0.5,1,0.5,0,0,1
14,12,4,9,18,20,28,16,32,0,0,1,1,1,0.5,0,0,1,0,0
9,20,19,10,18,26,17,28,21,0.5,0,0,0.5,0,1,0,0,1,0,0
18,11,5,13,18,21,19,22,25,0,1,1,1,1,0,0,0.5,0,1,1
3,19,2,6,18,36,14,22,23,1,1,1,0,1,1,1,0,1,1,1
2,8,1,17,18,26,21,23,22,0.5,1,0,1,1,0.5,0.5,0,0,0,1
12,17,9,16,19,18,32,23,22,0.5,0,0,1,0,0.5,1,0.5,0,0,1
8,4,17,8,19,27,23,26,27,0.5,0.5,0,0,0,0,0.5,0.5,1,1,0
6,18,18,5,19,22,16,25,20,0,1,0.5,0,0.5,0,1,1,1,1,1
1,14,3,4,19,29,23,20,30,1,0.5,1,0.5,1,0,0,1,1,1,1
9,10,19,20,19,26,18,16,24,0.5,0,0,0.5,0,0,0.5,0,0,0,1
7,16,11,15,19,19,32,22,26,1,0,1,0,0,0,0.5,0,0,1,0
11,13,13,12,19,23,29,25,28,0,0,0.5,0,1,0,1,0,0.5,1,0
19,2,6,1,19,23,26,27,25,1,1,0,1,1,0.5,1,0,1,1,0
15,3,14,2,19,26,18,39,15,0.5,1,0.5,0.5,0,1,1,1,0,1,0
20,5,10,7,19,29,21,19,29,1,0,0,1,0,0.5,1,0.5,1,0.5,0
18,9,5,19,20,28,21,29,19,0,1,1,1,1,0.5,0,0,0.5,0,1
17,1,16,3,20,25,24,33,24,0.5,1,0.5,0,0,1,0.5,1,0.5,1,0
5,10,7,20,20,19,31,17,27,0.5,1,0.5,1,0.5,0,0.5,0,0,0,0
13,6,12,18,20,25,30,23,19,0,1,0,0.5,1,0,1,0.5,0,0.5,0
2,15,1,14,20,27,25,28,19,0.5,1,0,1,1,0.5,1,0.5,0.5,0,0
14,11,4,13,20,21,34,25,29,0,0,1,1,1,0,0,0.5,0,1,0
7,8,11,17,20,20,34,28,24,1,0,1,0,0,0.5,0.5,0,0,0,1
16,12,15,9,20,24,27,20,34,0,0.5,0,0,1,0.5,0,0,1,0,1
3,20,2,10,20,40,17,31,21,1,1,1,0,1,1,0,0,1,0,1
4,19,8,6,20,27,28,23,26,0,0.5,0.5,1,1,1,1,0,1,1,0
1,12,3,9,21,35,25,22,36,1,0.5,1,0.5,1,0.5,0,0,1,0,0
9,13,19,12,21,32,21,25,31,0.5,0,0,0.5,0,0,1,0,0.5,1,1
5,18,7,5,21,19,32,30,24,0.5,1,0.5,1,0.5,0,1,1,1,1,0
20,2,10,1,21,34,22,28,25,1,0,0,1,0,0.5,1,0,1,1,0
6,14,18,4,21,24,19,22,36,0,1,0.5,0,0.5,0,0,1,1,1,0
19,7,6,11,21,25,27,22,36,1,1,0,1,1,1,0,1,0,0,0
8,16,17,15,21,30,26,26,29,0.5,0.5,0,0,0,0,0.5,0,0,1,0
11,17,13,16,21,27,30,26,26,0,0,0.5,0,1,0.5,1,0.5,0,0,0
10,3,20,2,21,18,27,41,20,0,0.5,0,0,0,1,1,1,0,1,0
15,4,14,8,21,28,20,28,30,0.5,1,0.5,0.5,0,0,0.5,0.5,1,1,0
3,18,2,5,22,41,21,30,26,1,1,1,0,1,0,1,1,1,1,0
8,19,17,6,22,30,26,26,29,0.5,0.5,0,0,0,1,1,0,1,1,1
12,11,9,13,22,22,37,29,30,0.5,0,0,1,0,0,0,0.5,0,1,0
17,6,16,18,22,26,28,25,19,0.5,1,0.5,0,0,0,1,0.5,0,0.5,1
16,1,15,3,22,26,29,36,25,0,0.5,0,0,1,1,0.5,1,0.5,1,0
14,9,4,19,22,22,37,35,24,0,0,1,1,1,0.5,0,0,0.5,0,1
2,10,1,20,22,29,27,19,27,0.5,1,0,1,1,0,0.5,0,0,0,0
13,5,12,7,22,28,34,21,32,0,1,0,0.5,1,0.5,1,0.5,1,0.5,0
7,15,11,14,22,24,37,29,20,1,0,1,0,0,0.5,1,0.5,0.5,0,1
4,20,8,10,22,28,31,36,23,0,0.5,0.5,1,1,1,0,0,1,0,0
6,12,18,9,23,28,21,23,38,0,1,0.5,0,0.5,0.5,0,0,1,0,1
18,2,5,1,23,31,28,31,28,0,1,1,1,1,0.5,1,0,1,1,1
9,17,19,16,23,37,27,28,31,0.5,0,0,0.5,0,0.5,1,0.5,0,0,0
20,7,10,11,23,37,24,27,40,1,0,0,1,0,1,0,1,0,0,0
10,4,20,8,23,20,29,29,32,0,0.5,0,0,0,0,0.5,0.5,1,1,0
19,16,6,15,23,27,33,26,31,1,1,0,1,1,0,0.5,0,0,1,1
15,8,14,17,23,32,23,34,27,0.5,1,0.5,0.5,0,0.5,0.5,0,0,0,1
3,13,2,12,23,43,22,29,35,1,1,1,0,1,0,1,0,0.5,1,1
5,14,7,4,23,22,33,25,39,0.5,1,0.5,1,0.5,0,0,1,1,1,1
11,1,13,3,23,30,31,38,25,0,0,0.5,0,1,1,0.5,1,0.5,1,0
17,5,16,7,24,28,32,24,35,0.5,1,0.5,0,0,0.5,1,0.5,1,0.5,0
12,9,9,19,24,23,42,38,27,0.5,0,0,1,0,0.5,0,0,0.5,0,0
1,6,3,18,24,38,25,32,21,1,0.5,1,0.5,1,0,1,0.5,0,0.5,0
4,18,8,5,24,31,33,33,30,0,0.5,0.5,1,1,0,1,1,1,1,0
19,15,6,14,24,29,36,35,24,1,1,0,1,1,0.5,1,0.5,0.5,0,0
14,3,4,2,24,27,41,46,23,0,0,1,1,1,1,1,1,0,1,0
2,13,1,12,24,33,30,30,38,0.5,1,0,1,1,0,1,0,0.5,1,0
16,11,15,13,24,29,33,30,31,0,0.5,0,0,1,0,0,0.5,0,1,0
8,20,17,10,24,35,30,37,25,0.5,0.5,0,0,0,1,0,0,1,0,1
7,10,11,20,24,28,40,21,31,1,0,1,0,0,0,0.5,0,0,0,0
9,1,19,3,25,38,28,39,25,0.5,0,0,0.5,0,1,0.5,1,0.5,1,0
3,17,2,16,25,46,23,28,33,1,1,1,0,1,0.5,1,0.5,0,0,1
5,12,7,9,25,25,35,24,42,0.5,1,0.5,1,0.5,0.5,0,0,1,0,0
10,8,20,17,25,21,31,38,32,0,0.5,0,0,0,0.5,0.5,0,0,0,0
20,19,10,6,25,39,28,29,36,1,0,0,1,0,1,1,0,1,1,1
6,11,18,13,25,32,22,30,32,0,1,0.5,0,0.5,0,0,0.5,0,1,1
15,16,14,15,25,35,24,30,33,0.5,1,0.5,0.5,0,0,0.5,0,0,1,1
2,14,1,4,25,34,30,27,41,0.5,1,0,1,1,0,0,1,1,1,0
18,7,5,11,25,33,30,28,40,0,1,1,1,1,1,0,1,0,0,0
13,4,12,8,25,30,39,31,33,0,1,0,0.5,1,0,0.5,0.5,1,1,1
12,3,9,2,26,25,43,48,25,0.5,0,0,1,0,1,1,1,0,1,1
1,5,3,7,26,40,26,26,36,1,0.5,1,0.5,1,0.5,1,0.5,1,0.5,0
17,2,16,1,26,30,35,34,30,0.5,1,0.5,0,0,0.5,1,0,1,1,0
11,9,13,19,26,32,35,39,29,0,0,0.5,0,1,0.5,0,0,0.5,0,0
19,10,6,20,26,31,39,21,31,1,1,0,1,1,0,0.5,0,0,0,1
7,13,11,12,26,30,41,34,40,1,0,1,0,0,0,1,0,0.5,1,0
16,6,15,18,26,32,37,35,24,0,0.5,0,0,1,0,1,0.5,0,0.5,0
4,14,8,4,26,32,37,27,41,0,0.5,0.5,1,1,0,0,1,1,1,0
8,18,17,5,26,38,32,34,32,0.5,0.5,0,0,0,0,1,1,1,1,1
15,20,14,10,26,39,26,42,30,0.5,1,0.5,0.5,0,1,0,0,1,0,0
4,17,8,16,27,33,38,31,37,0,0.5,0.5,1,1,0.5,1,0.5,0,0,0
2,12,1,9,27,36,31,27,45,0.5,1,0,1,1,0.5,0,0,1,0,0
3,1,2,3,27,50,27,41,27,1,1,1,0,1,1,0.5,1,0.5,1,0
9,6,19,18,27,40,30,36,24,0.5,0,0,0.5,0,0,1,0.5,0,0.5,1
20,16,10,15,27,44,31,32,38,1,0,0,1,0,0,0.5,0,0,1,0
18,19,5,6,27,37,34,32,42,0,1,1,1,1,1,1,0,1,1,0
5,11,7,13,27,27,37,33,36,0.5,1,0.5,1,0.5,0,0,0.5,0,1,0
13,8,12,17,27,36,41,40,35,0,1,0,0.5,1,0.5,0.5,0,0,0,0
14,7,4,11,27,28,42,31,43,0,0,1,1,1,1,0,1,0,0,0
10,15,20,14,27,24,32,40,28,0,0.5,0,0,0,0.5,1,0.5,0.5,0,1
6,5,18,7,28,37,29,28,39,0,1,0.5,0,0.5,0.5,1,0.5,1,0.5,0
12,4,9,8,28,28,45,34,39,0.5,0,0,1,0,0,0.5,0.5,1,1,0
1,2,3,1,28,41,29,36,32,1,0.5,1,0.5,1,0.5,1,0,1,1,0
8,14,17,4,28,40,35,29,43,0.5,0.5,0,0,0,0,0,1,1,1,1
16,9,15,19,28,32,39,45,31,0,0.5,0,0,1,0.5,0,0,0.5,0,1
15,18,14,5,28,43,31,38,36,0.5,1,0.5,0.5,0,0,1,1,1,1,0
20,10,10,20,28,45,31,27,35,1,0,0,1,0,0,0.5,0,0,0,0
7,17,11,16,28,32,44,32,38,1,0,1,0,0,0.5,1,0.5,0,0,0
11,3,13,2,28,35,37,52,27,0,0,0.5,0,1,1,1,1,0,1,1
19,13,6,12,28,34,43,36,41,1,1,0,1,1,0,1,0,0.5,1,0
4,1,8,3,29,36,40,43,29,0,0.5,0.5,1,1,1,0.5,1,0.5,1,0
3,6,2,18,29,55,28,38,29,1,1,1,0,1,0,1,0.5,0,0.5,1
5,9,7,19,29,28,40,48,34,0.5,1,0.5,1,0.5,0.5,0,0,0.5,0,0
13,15,12,14,29,36,43,45,31,0,1,0,0.5,1,0.5,1,0.5,0.5,0,0
2,11,1,13,29,36,34,36,40,0.5,1,0,1,1,0,0,0.5,0,1,0
17,8,16,17,29,32,41,43,36,0.5,1,0.5,0,0,0.5,0.5,0,0,0,1
7,12,11,9,29,35,44,29,47,1,0,1,0,0,0.5,0,0,1,0,0
10,16,20,15,29,27,35,35,42,0,0.5,0,0,0,0,0.5,0,0,1,0
18,20,5,10,29,38,38,45,31,0,1,1,1,1,1,0,0,1,0,1
14,19,4,6,29,30,46,36,43,0,0,1,1,1,1,1,0,1,1,0
9,3,19,2,30,49,34,58,30,0.5,0,0,0.5,0,1,1,1,0,1,0
6,2,18,1,30,40,32,37,36,0,1,0.5,0,0.5,0.5,1,0,1,1,0
15,14,14,4,30,46,33,30,46,0.5,1,0.5,0.5,0,0,0,1,1,1,0
10,18,20,5,30,28,36,41,41,0,0.5,0,0,0,0,1,1,1,1,0
11,4,13,8,30,38,41,38,41,0,0,0.5,0,1,0,0.5,0.5,1,1,0
16,5,15,7,30,36,43,28,41,0,0.5,0,0,1,0.5,1,0.5,1,0.5,0
20,13,10,12,30,48,34,38,44,1,0,0,1,0,0,1,0,0.5,1,1
19,17,6,16,30,36,43,34,43,1,1,0,1,1,0.5,1,0.5,0,0,0
8,12,17,9,30,45,38,31,48,0.5,0.5,0,0,0,0.5,0,0,1,0,0
1,7,3,11,30,44,31,36,46,1,0.5,1,0.5,1,1,0,1,0,0,1
8,1,17,3,31,45,39,47,32,0.5,0.5,0,0,0,1,0.5,1,0.5,1,0
4,6,8,18,31,38,42,40,33,0,0.5,0.5,1,1,0,1,0.5,0,0.5,0
3,5,2,7,31,60,31,28,42,1,1,1,0,1,0.5,1,0.5,1,0.5,0
2,9,1,19,31,38,36,50,36,0.5,1,0,1,1,0.5,0,0,0.5,0,0
12,19,9,6,31,32,48,38,44,0.5,0,0,1,0,1,1,0,1,1,0
7,11,11,13,31,37,49,39,41,1,0,1,0,0,0,0,0.5,0,1,0
17,15,16,14,31,35,45,47,35,0.5,1,0.5,0,0,0.5,1,0.5,0.5,0,0
13,10,12,20,31,41,45,30,37,0,1,0,0.5,1,0,0.5,0,0,0,0
18,16,5,15,31,42,43,37,43,0,1,1,1,1,0,0.5,0,0,1,0
14,20,4,10,31,32,47,49,37,0,0,1,1,1,1,0,0,1,0,1
5,2,7,1,32,28,43,39,37,0.5,1,0.5,1,0.5,0.5,1,0,1,1,
9,4,19,8,32,51,37,38,43,0.5,0,0,0.5,0,0,0.5,0.5,1,1,
20,17,10,16,32,51,40,36,45,1,0,0,1,0,0.5,1,0.5,0,0,
6,7,18,11,32,41,33,37,49,0,1,0.5,0,0.5,1,0,1,0,0,
19,1,6,3,32,38,46,49,32,1,1,0,1,1,1,0.5,1,0.5,1,
10,14,20,4,32,31,37,35,49,0,0.5,0,0,0,0,0,1,1,1,
18,13,5,12,32,42,44,41,46,0,1,1,1,1,0,1,0,0.5,1,
11,8,13,17,32,39,41,45,41,0,0,0.5,0,1,0.5,0.5,0,0,0,
16,3,15,2,32,38,43,61,31,0,0.5,0,0,1,1,1,1,0,1,
15,12,14,9,32,47,36,34,48,0.5,1,0.5,0.5,0,0.5,0,0,1,0,
3,4,2,8,34,64,34,42,47,1,1,1,0,1,0,0.5,0.5,1,1,
18,17,5,16,34,45,46,37,47,0,1,1,1,1,0.5,1,0.5,0,0,
10,12,20,9,34,33,41,37,50,0,0.5,0,0,0,0.5,0,0,1,0,
9,8,19,17,34,52,41,47,43,0.5,0,0,0.5,0,0.5,0.5,0,0,0,
20,1,10,3,34,53,41,52,33,1,0,0,1,0,1,0.5,1,0.5,1,
16,2,15,1,34,40,45,42,41,0,0.5,0,0,1,0.5,1,0,1,1,
13,14,12,4,34,42,47,40,52,0,1,0,0.5,1,0,0,1,1,1,
5,7,7,11,34,33,47,40,51,0.5,1,0.5,1,0.5,1,0,1,0,0,
15,11,14,13,34,48,38,40,44,0.5,1,0.5,0.5,0,0,0,0.5,0,1,
6,19,18,6,34,44,34,40,49,0,1,0.5,0,0.5,1,1,0,1,1,
4,2,8,1,35,43,50,43,41,0,0.5,0.5,1,1,0.5,1,0,1,1,0
14,16,4,15,35,40,55,40,46,0,0,1,1,1,0,0.5,0,0,1,0
12,18,9,5,35,38,52,47,47,0.5,0,0,1,0,0,1,1,1,1,1
15,6,14,18,35,50,38,46,37,0.5,1,0.5,0.5,0,0,1,0.5,0,0.5,0
8,5,17,7,35,51,44,35,48,0.5,0.5,0,0,0,0.5,1,0.5,1,0.5,0
1,10,3,20,35,53,34,35,42,1,0.5,1,0.5,1,0,0.5,0,0,0,1
11,20,13,10,35,40,46,54,42,0,0,0.5,0,1,1,0,0,1,0,0
19,9,6,19,35,43,51,53,45,1,1,0,1,1,0.5,0,0,0.5,0,0
7,3,11,2,35,41,53,67,35,1,0,1,0,0,1,1,1,0,1,0
17,13,16,12,35,38,49,45,47,0.5,1,0.5,0,0,0,1,0,0.5,1,0
5,19,7,6,36,36,50,43,51,0.5,1,0.5,1,0.5,1,1,0,1,1,
18,1,5,3,36,49,50,57,35,0,1,1,1,1,1,0.5,1,0.5,1,
2,7,1,11,36,44,42,42,54,0.5,1,0,1,1,1,0,1,0,0,
9,15,19,14,36,53,45,50,38,0.5,0,0,0.5,0,0.5,1,0.5,0.5,0,
13,12,12,9,36,45,50,41,54,0,1,0,0.5,1,0.5,0,0,1,0,
20,6,10,18,36,55,42,46,37,1,0,0,1,0,0,1,0.5,0,0.5,
16,4,15,8,36,41,47,44,51,0,0.5,0,0,1,0,0.5,0.5,1,1,
14,17,4,16,36,41,56,41,49,0,0,1,1,1,0.5,1,0.5,0,0,
3,8,2,17,36,68,36,53,45,1,1,1,0,1,0.5,0.5,0,0,0,
10,11,20,13,36,36,46,40,47,0,0.5,0,0,0,0,0,0.5,0,1,
6,10,18,20,37,49,38,40,47,0,1,0.5,0,0.5,0,0.5,0,0,0,0
12,14,9,4,37,42,57,42,57,0.5,0,0,1,0,0,0,1,1,1,1
19,3,6,2,37,44,51,68,38,1,1,0,1,1,1,1,1,0,1,1
7,4,11,8,37,42,55,45,53,1,0,1,0,0,0,0.5,0.5,1,1,0
20,9,10,19,37,56,45,55,45,1,0,0,1,0,0.5,0,0,0.5,0,1
11,18,13,5,37,41,51,49,51,0,0,0.5,0,1,0,1,1,1,1,0
8,2,17,1,37,55,45,45,42,0.5,0.5,0,0,0,0.5,1,0,1,1,0
1,13,3,12,37,58,35,48,51,1,0.5,1,0.5,1,0,1,0,0.5,1,0
17,16,16,15,37,42,50,43,48,0.5,1,0.5,0,0,0,0.5,0,0,1,1
15,5,14,7,37,50,40,36,51,0.5,1,0.5,0.5,0,0.5,1,0.5,1,0.5,1
17,12,16,9,38,46,50,44,59,0.5,1,0.5,0,0,0.5,0,0,1,0,0
4,8,8,17,38,47,54,55,46,0,0.5,0.5,1,1,0.5,0.5,0,0,0,0
10,9,20,19,38,41,49,58,47,0,0.5,0,0,0,0.5,0,0,0.5,0,1
2,19,1,6,38,46,42,48,53,0.5,1,0,1,1,1,1,0,1,1,0
18,6,5,18,38,50,52,51,39,0,1,1,1,1,0,1,0.5,0,0.5,0
13,11,12,13,38,48,54,42,52,0,1,0,0.5,1,0,0,0.5,0,1,1
3,15,2,14,38,70,42,52,42,1,1,1,0,1,0.5,1,0.5,0.5,0,0
5,20,7,10,38,38,53,58,48,0.5,1,0.5,1,0.5,1,0,0,1,0,0
14,1,4,3,38,44,59,61,35,0,0,1,1,1,1,0.5,1,0.5,1,0
16,7,15,11,38,43,52,43,57,0,0.5,0,0,1,1,0,1,0,0,0
9,18,19,5,1,1,5,2,0,0.5,0,0,0.5,0,0,1,1,1,1,1
1,17,3,16,1,0,1,0,0,1,0.5,1,0.5,1,0.5,1,0.5,0,0,0
10,5,20,7,1,5,1,2,0,0,0.5,0,0,0,0.5,1,0.5,1,0.5,0
8,7,17,11,1,0,1,1,0,0.5,0.5,0,0,0,1,0,1,0,0,1
11,14,13,4,1,3,1,1,0,0,0,0.5,0,1,0,0,1,1,1,1
12,16,9,15,1,0,0,0,1,0.5,0,0,1,0,0,0.5,0,0,1,0
19,4,6,8,1,1,1,1,0,1,1,0,1,1,0,0.5,0.5,1,1,0
6,13,18,12,1,0,2,1,3,0,1,0.5,0,0.5,0,1,0,0.5,1,0
15,2,14,1,1,1,2,1,1,0.5,1,0.5,0.5,0,0.5,1,0,1,1,0
20,3,10,2,1,0,2,2,1,1,0,0,1,0,1,1,1,0,1,0
12,1,9,3,2,1,0,2,2,0.5,0,0,1,0,1,0.5,1,0.5,1,0
13,9,12,19,2,2,3,5,6,0,1,0,0.5,1,0.5,0,0,0.5,0,0
18,5,5,7,2,3,4,2,3,0,1,1,1,1,0.5,1,0.5,1,0.5,0
3,10,2,20,2,4,2,8,1,1,1,1,0,1,0,0.5,0,0,0,0
4,15,8,14,2,2,2,2,3,0,0.5,0.5,1,1,0.5,1,0.5,0.5,0,0
17,11,16,13,2,1,2,5,3,0.5,1,0.5,0,0,0,0,0.5,0,1,1
2,20,1,10,2,2,2,1,4,0.5,1,0,1,1,1,0,0,1,0,0
14,6,4,18,2,3,2,0,3,0,0,1,1,1,0,1,0.5,0,0.5,0
7,19,11,6,2,3,2,3,2,1,0,1,0,0,1,1,0,1,1,0
16,8,15,17,2,0,2,2,3,0,0.5,0,0,1,0.5,0.5,0,0,0,0
18,3,5,2,3,6,4,4,2,0,1,1,1,1,1,1,1,0,1,0
19,8,6,17,3,3,3,4,4,1,1,0,1,1,0.5,0.5,0,0,0,0
15,7,14,11,3,2,4,4,2,0.5,1,0.5,0.5,0,1,0,1,0,0,0
6,17,18,16,3,2,3,3,4,0,1,0.5,0,0.5,0.5,1,0.5,0,0,0
10,2,20,1,3,8,1,3,4,0,0.5,0,0,0,0.5,1,0,1,1,0
20,4,10,8,3,3,5,3,2,1,0,0,1,0,0,0.5,0.5,1,1,1
5,13,7,12,3,2,6,2,3,0.5,1,0.5,1,0.5,0,1,0,0.5,1,0
1,16,3,15,3,4,2,1,4,1,0.5,1,0.5,1,0,0.5,0,0,1,1
9,14,19,4,3,5,6,3,4,0.5,0,0,0.5,0,0,0,1,1,1,0
11,12,13,9,3,7,5,1,2,0,0,0.5,0,1,0.5,0,0,1,0,0
12,6,9,18,4,1,3,5,3,0.5,0,0,1,0,0,1,0.5,0,0.5,0
2,18,1,5,4,5,5,7,6,0.5,1,0,1,1,0,1,1,1,1,0
17,9,16,19,4,3,7,5,7,0.5,1,0.5,0,0,0.5,0,0,0.5,0,0
13,3,12,2,4,3,4,6,3,0,1,0,0.5,1,1,1,1,0,1,1
4,10,8,20,4,5,5,9,3,0,0.5,0.5,1,1,0,0.5,0,0,0,0
8,15,17,14,4,4,5,3,4,0.5,0.5,0,0,0,0.5,1,0.5,0.5,0,0
7,20,11,10,4,4,3,6,7,1,0,1,0,0,1,0,0,1,0,0
1,11,3,13,4,7,3,8,5,1,0.5,1,0.5,1,0,0,0.5,0,1,1
16,19,15,6,4,2,7,4,3,0,0.5,0,0,1,1,1,0,1,1,0
14,5,4,7,4,4,4,3,7,0,0,1,1,1,0.5,1,0.5,1,0.5,1
5,17,7,16,5,5,9,3,8,0.5,1,0.5,1,0.5,0.5,1,0.5,0,0,1
9,12,19,9,5,6,7,2,4,0.5,0,0,0.5,0,0.5,0,0,1,0,0
18,4,5,8,5,8,8,5,6,0,1,1,1,1,0,0.5,0.5,1,1,0
6,1,18,3,5,6,4,10,4,0,1,0.5,0,0.5,1,0.5,1,0.5,1,0
20,8,10,17,5,7,8,5,6,1,0,0,1,0,0.5,0.5,0,0,0,0
15,19,14,6,5,4,5,5,5,0.5,1,0.5,0.5,0,1,1,0,1,1,0
11,16,13,15,5,9,8,4,8,0,0,0.5,0,1,0,0.5,0,0,1,0
10,7,20,11,5,10,3,5,4,0,0.5,0,0,0,1,0,1,0,0,0
3,14,2,4,5,8,5,6,6,1,1,1,0,1,0,0,1,1,1,0
13,2,12,1,5,5,6,7,6,0,1,0,0.5,1,0.5,1,0,1,1,0
1,9,3,19,6,11,6,7,7,1,0.5,1,0.5,1,0.5,0,0,0.5,0,0
17,3,16,2,6,5,10,10,6,0.5,1,0.5,0,0,1,1,1,0,1,0
12,5,9,7,6,2,5,7,11,0.5,0,0,1,0,0.5,1,0.5,1,0.5,0
7,18,11,5,6,8,4,9,8,1,0,1,0,0,0,1,1,1,1,0
16,15,15,14,6,4,8,5,7,0,0.5,0,0,1,0.5,1,0.5,0.5,0,1
8,10,17,20,6,7,7,10,6,0.5,0.5,0,0,0,0,0.5,0,0,0,1
11,6,13,18,6,9,8,8,5,0,0,0.5,0,1,0,1,0.5,0,0.5,1
14,2,4,1,6,7,8,8,7,0,0,1,1,1,0.5,1,0,1,1,0
19,20,6,10,6,7,6,8,10,1,1,0,1,1,1,0,0,1,0,1
4,13,8,12,6,5,7,6,7,0,0.5,0.5,1,1,0,1,0,0.5,1,0
3,12,2,9,7,11,6,3,6,1,1,1,0,1,0.5,0,0,1,0,0
2,17,1,16,7,8,7,5,11,0.5,1,0,1,1,0.5,1,0.5,0,0,0
5,1,7,3,7,8,12,12,6,0.5,1,0.5,1,0.5,1,0.5,1,0.5,1,0
9,11,19,13,7,7,8,11,12,0.5,0,0,0.5,0,0,0,0.5,0,1,1
14,4,4,8,7,7,8,7,8,0,0,1,1,1,0,0.5,0.5,1,1,1
10,19,20,6,7,12,9,11,6,0,0.5,0,0,0,1,1,0,1,1,0
20,15,10,14,7,8,14,8,10,1,0,0,1,0,0.5,1,0.5,0.5,0,1
18,8,5,17,7,10,9,10,9,0,1,1,1,1,0.5,0.5,0,0,0,0
13,7,12,11,7,7,9,9,5,0,1,0,0.5,1,1,0,1,0,0,1
6,16,18,15,7,12,7,7,11,0,1,0.5,0,0.5,0,0.5,0,0,1,1
17,4,16,8,8,6,13,11,10,0.5,1,0.5,0,0,0,0.5,0.5,1,1,0
1,3,3,2,8,14,6,12,8,1,0.5,1,0.5,1,1,1,1,0,1,0
6,9,18,19,8,14,9,10,10,0,1,0.5,0,0.5,0.5,0,0,0.5,0,0
12,2,9,1,8,5,7,10,8,0.5,0,0,1,0,0.5,1,0,1,1,0
11,5,13,7,8,13,15,8,14,0,0,0.5,0,1,0.5,1,0.5,1,0.5,0
15,10,14,20,8,9,13,12,10,0.5,1,0.5,0.5,0,0,0.5,0,0,0,0
19,18,6,5,8,12,6,10,9,1,1,0,1,1,0,1,1,1,1,1
16,20,15,10,8,9,13,11,15,0,0.5,0,0,1,1,0,0,1,0,1
8,13,17,12,8,10,9,10,10,0.5,0.5,0,0,0,0,1,0,0.5,1,1
7,14,11,4,8,10,8,9,12,1,0,1,0,0,0,0,1,1,1,0
2,1,1,3,9,11,9,16,6,0.5,1,0,1,1,1,0.5,1,0.5,1,1
4,12,8,9,9,13,10,6,8,0,0.5,0.5,1,1,0.5,0,0,1,0,0
5,6,7,18,9,9,14,16,10,0.5,1,0.5,1,0.5,0,1,0.5,0,0.5,0
3,11,2,13,9,12,10,13,16,1,1,1,0,1,0,0,0.5,0,1,1
18,15,5,14,9,12,13,11,14,0,1,1,1,1,0.5,1,0.5,0.5,0,0
13,19,12,6,9,12,12,16,8,0,1,0,0.5,1,1,1,0,1,1,0
9,16,19,15,9,11,12,10,16,0.5,0,0,0.5,0,0,0.5,0,0,1,1
10,20,20,10,9,13,12,14,16,0,0.5,0,0,0,1,0,0,1,0,1
14,8,4,17,9,9,13,12,11,0,0,1,1,1,0.5,0.5,0,0,0,1
17,7,16,11,9,6,15,11,8,0.5,1,0.5,0,0,1,0,1,0,0,0
9,5,19,7,10,14,13,9,15,0.5,0,0,0.5,0,0.5,1,0.5,1,0.5,0
1,4,3,8,10,19,9,16,10,1,0.5,1,0.5,1,0,0.5,0.5,1,1,0
6,3,18,2,10,17,10,17,10,0,1,0.5,0,0.5,1,1,1,0,1,0
8,17,17,16,10,13,14,8,16,0.5,0.5,0,0,0,0.5,1,0.5,0,0,0
11,2,13,1,10,13,21,14,12,0,0,0.5,0,1,0.5,1,0,1,1,0
19,14,6,4,10,16,9,12,14,1,1,0,1,1,0,0,1,1,1,0
15,13,14,12,10,11,17,13,12,0.5,1,0.5,0.5,0,0,1,0,0.5,1,1
20,18,10,5,10,16,18,15,13,1,0,0,1,0,0,1,1,1,1,0
16,10,15,20,10,11,19,15,14,0,0.5,0,0,1,0,0.5,0,0,0,1
12,7,9,11,10,6,11,12,10,0.5,0,0,1,0,1,0,1,0,0,0
2,6,1,18,11,15,12,17,11,0.5,1,0,1,1,0,1,0.5,0,0.5,1
3,9,2,19,11,18,10,16,13,1,1,1,0,1,0.5,0,0,0.5,0,0
4,11,8,13,11,18,11,13,22,0,0.5,0.5,1,1,0,0,0.5,0,1,0
14,15,4,14,11,12,15,14,19,0,0,1,1,1,0.5,1,0.5,0.5,0,0
7,1,11,3,11,14,11,20,11,1,0,1,0,0,1,0.5,1,0.5,1,0
5,16,7,15,11,9,17,14,21,0.5,1,0.5,1,0.5,0,0.5,0,0,1,0
18,10,5,20,11,15,14,17,17,0,1,1,1,1,0,0.5,0,0,0,0
17,19,16,6,11,9,17,17,9,0.5,1,0.5,0,0,1,1,0,1,1,0
13,20,12,10,11,15,15,17,18,0,1,0,0.5,1,1,0,0,1,0,1
12,8,9,17,11,7,13,14,15,0.5,0,0,1,0,0.5,0.5,0,0,0,0
5,3,7,2,12,9,17,19,10,0.5,1,0.5,1,0.5,1,1,1,0,1,0
9,2,19,1,12,16,14,18,14,0.5,0,0,0.5,0,0.5,1,0,1,1,0
6,4,18,8,12,19,14,20,12,0,1,0.5,0,0.5,0,0.5,0.5,1,1,0
1,8,3,17,12,22,12,14,16,1,0.5,1,0.5,1,0.5,0.5,0,0,0,0
10,13,20,12,12,17,19,18,16,0,0.5,0,0,0,0,1,0,0.5,1,1
20,14,10,4,12,18,21,12,17,1,0,0,1,0,0,0,1,1,1,1
19,12,6,9,12,18,9,8,13,1,1,0,1,1,0.5,0,0,1,0,0
16,18,15,5,12,14,21,17,14,0,0.5,0,0,1,0,1,1,1,1,0
15,17,14,16,12,16,19,9,18,0.5,1,0.5,0.5,0,0.5,1,0.5,0,0,0
11,7,13,11,12,14,24,15,13,0,0,0.5,0,1,1,0,1,0,0,0
4,9,8,19,13,22,13,16,16,0,0.5,0.5,1,1,0.5,0,0,0.5,0,0
2,5,1,7,13,20,14,9,18,0.5,1,0,1,1,0.5,1,0.5,1,0.5,0
7,6,11,18,13,15,16,20,16,1,0,1,0,0,0,1,0.5,0,0.5,0
3,16,2,15,13,20,10,16,22,1,1,1,0,1,0,0.5,0,0,1,1
14,10,4,20,13,13,20,19,21,0,0,1,1,1,0,0.5,0,0,0,0
17,20,16,10,13,9,21,21,22,0.5,1,0.5,0,0,1,0,0,1,0,0
12,15,9,14,13,8,14,19,19,0.5,0,0,1,0,0.5,1,0.5,0.5,0,0
1,19,3,6,13,23,14,19,9,1,0.5,1,0.5,1,1,1,0,1,1,0
13,18,12,5,13,20,18,18,16,0,1,0,0.5,1,0,1,1,1,1,0
8,11,17,13,13,16,17,17,24,0.5,0.5,0,0,0,0,0,0.5,0,1,0
3,2,2,1,14,24,10,21,16,1,1,1,0,1,0.5,1,0,1,1,0
10,17,20,16,14,20,22,11,21,0,0.5,0,0,0,0.5,1,0.5,0,0,0
5,4,7,8,14,11,19,23,13,0.5,1,0.5,1,0.5,0,0.5,0.5,1,1,0
6,8,18,17,14,20,16,19,17,0,1,0.5,0,0.5,0.5,0.5,0,0,0,1
16,13,15,12,14,16,26,20,19,0,0.5,0,0,1,0,1,0,0.5,1,0
20,12,10,9,14,21,24,10,14,1,0,0,1,0,0.5,0,0,1,0,0
18,14,5,4,14,19,16,14,21,0,1,1,1,1,0,0,1,1,1,1
11,19,13,6,14,17,27,19,10,0,0,0.5,0,1,1,1,0,1,1,0
9,7,19,11,14,16,17,15,16,0.5,0,0,0.5,0,1,0,1,0,0,0
15,1,14,3,14,19,21,24,14,0.5,1,0.5,0.5,0,1,0.5,1,0.5,1,0
4,3,8,2,15,23,14,24,11,0,0.5,0.5,1,1,1,1,1,0,1,0
11,15,13,14,15,17,30,21,22,0,0,0.5,0,1,0.5,1,0.5,0.5,0,0
2,16,1,15,15,22,16,17,28,0.5,1,0,1,1,0,0.5,0,0,1,0
8,9,17,19,15,21,19,18,18,0.5,0.5,0,0,0,0.5,0,0,0.5,0,0
7,5,11,7,15,16,18,12,19,1,0,1,0,0,0.5,1,0.5,1,0.5,0
17,18,16,5,15,11,23,23,17,0.5,1,0.5,0,0,0,1,1,1,1,0
1,20,3,10,15,25,16,22,24,1,0.5,1,0.5,1,1,0,0,1,0,0
14,13,4,12,15,15,25,22,20,0,0,1,1,1,0,1,0,0.5,1,0
19,6,6,18,15,22,10,22,18,1,1,0,1,1,0,1,0.5,0,0.5,1
12,10,9,20,15,10,15,22,22,0.5,0,0,1,0,0,0.5,0,0,0,0
2,4,1,8,16,22,18,24,14,0.5,1,0,1,1,0,0.5,0.5,1,1,0
20,11,10,13,16,22,24,18,30,1,0,0,1,0,0,0,0.5,0,1,1
13,17,12,16,16,23,20,11,23,0,1,0,0.5,1,0.5,1,0.5,0,0,0
9,19,19,6,16,18,21,25,13,0.5,0,0,0.5,0,1,1,0,1,1,0
16,14,15,4,16,19,28,15,26,0,0.5,0,0,1,0,0,1,1,1,0
3,7,2,11,16,24,12,18,19,1,1,1,0,1,1,0,1,0,0,0
18,12,5,9,16,23,17,10,15,0,1,1,1,1,0.5,0,0,1,0,0
10,1,20,3,16,22,22,25,16,0,0.5,0,0,0,1,0.5,1,0.5,1,0
6,15,18,14,16,25,21,21,23,0,1,0.5,0,0.5,0.5,1,0.5,0.5,0,0
5,8,7,17,16,13,21,24,19,0.5,1,0.5,1,0.5,0.5,0.5,0,0,0,0
9,17,19,16,17,20,22,12,25,0.5,0,0,0.5,0,0.5,1,0.5,0,0,0
5,12,7,9,17,14,23,11,17,0.5,1,0.5,1,0.5,0.5,0,0,1,0,1
18,1,5,3,17,25,18,25,18,0,1,1,1,1,1,0.5,1,0.5,1,0
8,4,17,8,17,26,20,25,16,0.5,0.5,0,0,0,0,0.5,0.5,1,1,0
6,19,18,6,17,27,21,26,15,0,1,0.5,0,0.5,1,1,0,1,1,0
2,13,1,12,17,24,19,25,21,0.5,1,0,1,1,0,1,0,0.5,1,0
11,20,13,10,17,20,33,25,26,0,0,0.5,0,1,1,0,0,1,0,0
15,3,14,2,17,21,25,25,12,0.5,1,0.5,0.5,0,1,1,1,0,1,0
16,14,15,4,17,22,28,15,29,0,0.5,0,0,1,0,0,1,1,1,0
10,7,20,11,17,24,22,18,20,0,0.5,0,0,0,1,0,1,0,0,1
6,4,18,8,2,0,3,1,3,0,1,0.5,0,0.5,0,0.5,0.5,1,1,0
2,3,1,2,2,0,2,4,4,0.5,1,0,1,1,1,1,1,0,1,0
17,9,16,19,2,2,3,1,5,0.5,1,0.5,0,0,0.5,0,0,0.5,0,1
20,16,10,15,2,4,3,1,3,1,0,0,1,0,0,0.5,0,0,1,1
19,11,6,13,2,3,1,1,5,1,1,0,1,1,0,0,0.5,0,1,1
1,7,3,11,2,4,1,2,2,1,0.5,1,0.5,1,1,0,1,0,0,0
13,12,12,9,2,4,2,4,0,0,1,0,0.5,1,0.5,0,0,1,0,0
10,14,20,4,2,2,2,4,3,0,0.5,0,0,0,0,0,1,1,1,1
8,18,17,5,2,2,2,2,0,0.5,0.5,0,0,0,0,1,1,1,1,0
5,15,7,14,2,2,1,2,0,0.5,1,0.5,1,0.5,0.5,1,0.5,0.5,0,0
3,5,2,7,3,5,4,4,1,1,1,1,0,1,0.5,1,0.5,1,0.5,0
9,2,19,1,3,2,8,0,3,0.5,0,0,0.5,0,0.5,1,0,1,1,1
20,13,10,12,3,7,4,7,2,1,0,0,1,0,0,1,0,0.5,1,0
15,8,14,17,3,2,2,4,2,0.5,1,0.5,0.5,0,0.5,0.5,0,0,0,0
18,6,5,18,3,2,2,1,5,0,1,1,1,1,0,1,0.5,0,0.5,0
12,10,9,20,3,4,3,4,5,0.5,0,0,1,0,0,0.5,0,0,0,0
11,4,13,8,3,2,8,3,4,0,0,0.5,0,1,0,0.5,0.5,1,1,0
7,19,11,6,3,2,3,6,2,1,0,1,0,0,1,1,0,1,1,1
16,17,15,16,3,2,6,5,4,0,0.5,0,0,1,0.5,1,0.5,0,0,0
14,1,4,3,3,7,5,5,1,0,0,1,1,1,1,0.5,1,0.5,1,0
1,12,3,9,4,7,2,4,4,1,0.5,1,0.5,1,0.5,0,0,1,0,0
5,9,7,19,4,5,3,4,12,0.5,1,0.5,1,0.5,0.5,0,0,0.5,0,0
2,16,1,15,4,4,5,3,7,0.5,1,0,1,1,0,0.5,0,0,1,0
19,14,6,4,4,8,5,8,7,1,1,0,1,1,0,0,1,1,1,0
8,3,17,2,4,6,3,7,5,0.5,0.5,0,0,0,1,1,1,0,1,0
6,11,18,13,4,1,5,2,8,0,1,0.5,0,0.5,0,0,0.5,0,1,0
10,20,20,10,4,5,5,7,4,0,0.5,0,0,0,1,0,0,1,0,1
18,15,5,14,4,2,2,3,4,0,1,1,1,1,0.5,1,0.5,0.5,0,1
17,13,16,12,4,6,5,7,2,0.5,1,0.5,0,0,0,1,0,0.5,1,0
4,7,8,11,4,3,4,5,5,0,0.5,0.5,1,1,1,0,1,0,0,0
3,18,2,5,5,7,5,7,3,1,1,1,0,1,0,1,1,1,1,1
17,10,16,20,5,8,6,6,8,0.5,1,0.5,0,0,0,0.5,0,0,0,0
7,11,11,13,5,6,5,3,9,1,0,1,0,0,0,0,0.5,0,1,0
20,1,10,3,5,10,5,8,2,1,0,0,1,0,1,0.5,1,0.5,1,0
9,8,19,17,5,4,13,6,3,0.5,0,0,0.5,0,0.5,0.5,0,0,0,0
16,5,15,7,5,4,9,6,3,0,0.5,0,0,1,0.5,1,0.5,1,0.5,0
14,4,4,8,5,9,9,3,5,0,0,1,1,1,0,0.5,0.5,1,1,0
13,2,12,1,5,8,4,6,6,0,1,0,0.5,1,0.5,1,0,1,1,0
12,19,9,6,5,4,5,10,6,0.5,0,0,1,0,1,1,0,1,1,0
15,6,14,18,5,4,9,2,6,0.5,1,0.5,0.5,0,0,1,0.5,0,0.5,1
4,12,8,9,6,3,5,4,5,0,0.5,0.5,1,1,0.5,0,0,1,0,0
1,17,3,16,6,8,4,8,7,1,0.5,1,0.5,1,0.5,1,0.5,0,0,0
18,9,5,19,6,9,6,6,13,0,1,1,1,1,0.5,0,0,0.5,0,1
19,20,6,10,6,10,6,12,5,1,1,0,1,1,1,0,0,1,0,0
11,14,13,4,6,4,11,9,9,0,0,0.5,0,1,0,0,1,1,1,0
15,3,14,2,6,6,12,10,7,0.5,1,0.5,0.5,0,1,1,1,0,1,0
6,7,18,11,6,5,8,8,6,0,1,0.5,0,0.5,1,0,1,0,0,1
5,13,7,12,6,7,4,10,5,0.5,1,0.5,1,0.5,0,1,0,0.5,1,0
8,16,17,15,6,6,5,5,10,0.5,0.5,0,0,0,0,0.5,0,0,1,0
2,10,1,20,6,7,8,7,8,0.5,1,0,1,1,0,0.5,0,0,0,1
3,6,2,18,7,10,8,8,9,1,1,1,0,1,0,1,0.5,0,0.5,1
2,1,1,3,7,8,13,10,5,0.5,1,0,1,1,1,0.5,1,0.5,1,0
10,5,20,7,7,12,9,9,5,0,0.5,0,0,0,0.5,1,0.5,1,0.5,0
13,8,12,17,7,11,7,7,5,0,1,0,0.5,1,0.5,0.5,0,0,0,0
20,4,10,8,7,12,6,4,6,1,0,0,1,0,0,0.5,0.5,1,1,0
16,18,15,5,7,5,11,10,9,0,0.5,0,0,1,0,1,1,1,1,0
12,11,9,13,7,5,6,7,11,0.5,0,0,1,0,0,0,0.5,0,1,0
17,19,16,6,7,9,9,11,6,0.5,1,0.5,0,0,1,1,0,1,1,0
14,7,4,11,7,9,12,9,9,0,0,1,1,1,1,0,1,0,0,0
9,15,19,14,7,9,14,7,12,0.5,0,0,0.5,0,0.5,1,0.5,0.5,0,0
5,1,7,3,8,10,5,11,7,0.5,1,0.5,1,0.5,1,0.5,1,0.5,1,0
3,9,2,19,8,12,11,9,15,1,1,1,0,1,0.5,0,0,0.5,0,0
4,17,8,16,8,4,7,10,9,0,0.5,0.5,1,1,0.5,1,0.5,0,0,1
15,16,14,15,8,8,12,6,12,0.5,1,0.5,0.5,0,0,0.5,0,0,1,0
11,20,13,10,8,8,12,13,6,0,0,0.5,0,1,1,0,0,1,0,0
18,13,5,12,8,11,10,12,8,0,1,1,1,1,0,1,0,0.5,1,0
19,2,6,1,8,11,7,10,14,1,1,0,1,1,0.5,1,0,1,1,0
7,12,11,9,8,9,10,6,7,1,0,1,0,0,0.5,0,0,1,0,0
6,14,18,4,8,11,11,10,12,0,1,0.5,0,0.5,0,0,1,1,1,0
8,10,17,20,8,8,6,12,10,0.5,0.5,0,0,0,0,0.5,0,0,0,1
2,4,1,8,9,12,15,8,7,0.5,1,0,1,1,0,0.5,0.5,1,1,0
1,8,3,17,9,14,7,11,8,1,0.5,1,0.5,1,0.5,0.5,0,0,0,0
5,19,7,6,9,10,8,12,9,0.5,1,0.5,1,0.5,1,1,0,1,1,1
9,6,19,18,9,10,16,11,11,0.5,0,0,0.5,0,0,1,0.5,0,0.5,0
20,7,10,11,9,13,8,11,11,1,0,0,1,0,1,0,1,0,0,0
17,11,16,13,9,10,13,10,12,0.5,1,0.5,0,0,0,0,0.5,0,1,0
10,18,20,5,9,14,13,14,10,0,0.5,0,0,0,0,1,1,1,1,0
13,15,12,14,9,12,11,9,14,0,1,0,0.5,1,0.5,1,0.5,0.5,0,0
16,3,15,2,9,8,13,13,12,0,0.5,0,0,1,1,1,1,0,1,1
12,14,9,4,9,7,9,10,12,0.5,0,0,1,0,0,0,1,1,1,1
6,12,18,9,10,12,13,11,10,0,1,0.5,0,0.5,0.5,0,0,1,0,0
8,19,17,6,10,12,8,14,11,0.5,0.5,0,0,0,1,1,0,1,1,0
18,1,5,3,10,14,11,14,8,0,1,1,1,1,1,0.5,1,0.5,1,0
4,5,8,7,10,9,7,12,10,0,0.5,0.5,1,1,0.5,1,0.5,1,0.5,1
11,2,13,1,10,11,13,12,16,0,0,0.5,0,1,0.5,1,0,1,1,0
15,10,14,20,10,11,15,15,13,0.5,1,0.5,0.5,0,0,0.5,0,0,0,1
9,16,19,15,10,12,17,10,17,0.5,0,0,0.5,0,0,0.5,0,0,1,1
7,17,11,16,10,11,11,11,14,1,0,1,0,0,0.5,1,0.5,0,0,0
14,20,4,10,10,11,16,13,8,0,0,1,1,1,1,0,0,1,0,0
3,13,2,12,10,17,14,13,13,1,1,1,0,1,0,1,0,0.5,1,0
8,4,17,8,11,12,9,10,10,0.5,0.5,0,0,0,0,0.5,0.5,1,1,0
13,9,12,19,11,13,15,16,17,0,1,0,0.5,1,0.5,0,0,0.5,0,0
10,3,20,2,11,17,16,19,14,0,0.5,0,0,0,1,1,1,0,1,0
5,11,7,13,11,15,11,11,14,0.5,1,0.5,1,0.5,0,0,0.5,0,1,0
20,12,10,9,11,13,8,13,11,1,0,0,1,0,0.5,0,0,1,0,1
16,6,15,18,11,10,21,13,15,0,0.5,0,0,1,0,1,0.5,0,0.5,0
19,18,6,5,11,15,11,15,12,1,1,0,1,1,0,1,1,1,1,0
17,14,16,4,11,11,14,11,16,0.5,1,0.5,0,0,0,0,1,1,1,1
2,7,1,11,11,13,16,11,11,0.5,1,0,1,1,1,0,1,0,0,0
1,15,3,14,11,15,9,14,17,1,0.5,1,0.5,1,0.5,1,0.5,0.5,0,1
12,17,9,16,12,14,14,13,16,0.5,0,0,1,0,0.5,1,0.5,0,0,0
3,1,2,3,12,19,15,19,11,1,1,1,0,1,1,0.5,1,0.5,1,0
18,4,5,8,12,16,12,11,10,0,1,1,1,1,0,0.5,0.5,1,1,0
11,8,13,17,12,12,15,12,10,0,0,0.5,0,1,0.5,0.5,0,0,0,0
7,5,11,7,12,13,12,16,12,1,0,1,0,0,0.5,1,0.5,1,0.5,1
14,2,4,1,12,13,18,14,18,0,0,1,1,1,0.5,1,0,1,1,1
16,13,15,12,12,10,22,15,16,0,0.5,0,0,1,0,1,0,0.5,1,0
9,10,19,20,12,17,19,18,16,0.5,0,0,0.5,0,0,0.5,0,0,0,0
15,19,14,6,12,16,21,15,12,0.5,1,0.5,0.5,0,1,1,0,1,1,1
6,20,18,10,12,14,15,16,9,0,1,0.5,0,0.5,1,0,0,1,0,0
1,9,3,19,13,19,11,18,19,1,0.5,1,0.5,1,0.5,0,0,0.5,0,1
2,12,1,9,13,17,19,15,15,0.5,1,0,1,1,0.5,0,0,1,0,1
19,3,6,2,13,16,15,19,15,1,1,0,1,1,1,1,1,0,1,1
5,14,7,4,13,19,15,14,21,0.5,1,0.5,1,0.5,0,0,1,1,1,0
4,15,8,14,13,11,10,19,22,0,0.5,0.5,1,1,0.5,1,0.5,0.5,0,0
10,16,20,15,13,18,17,11,23,0,0.5,0,0,0,0,0.5,0,0,1,0
17,20,16,10,13,14,17,17,10,0.5,1,0.5,0,0,1,0,0,1,0,0
13,6,12,18,13,16,17,15,16,0,1,0,0.5,1,0,1,0.5,0,0.5,0
8,7,17,11,13,15,10,16,15,0.5,0.5,0,0,0,1,0,1,0,0,0
18,11,5,13,13,16,12,12,18,0,1,1,1,1,0,0,0.5,0,1,1
12,5,9,7,14,18,16,21,16,0.5,0,0,1,0,0.5,1,0.5,1,0.5,0
3,4,2,8,14,21,17,12,12,1,1,1,0,1,0,0.5,0.5,1,1,0
6,17,18,16,14,16,16,15,19,0,1,0.5,0,0.5,0.5,1,0.5,0,0,0
9,19,19,6,14,21,20,18,17,0.5,0,0,0.5,0,1,1,0,1,1,0
15,11,14,13,14,21,23,13,21,0.5,1,0.5,0.5,0,0,0,0.5,0,1,0
16,1,15,3,14,12,25,20,14,0,0.5,0,0,1,1,0.5,1,0.5,1,1
14,8,4,17,14,15,23,16,11,0,0,1,1,1,0.5,0.5,0,0,0,0
13,10,12,20,14,16,18,20,18,0,1,0,0.5,1,0,0.5,0,0,0,0
20,2,10,1,14,19,11,18,22,1,0,0,1,0,0.5,1,0,1,1,1
7,18,11,5,14,17,16,19,13,1,0,1,0,0,0,1,1,1,1,1
10,6,20,18,15,22,19,17,17,0,0.5,0,0,0,0,1,0.5,0,0.5,0
2,17,1,16,15,20,24,16,20,0.5,1,0,1,1,0.5,1,0.5,0,0,0
4,9,8,19,15,13,14,22,21,0,0.5,0.5,1,1,0.5,0,0,0.5,0,1
18,14,5,4,15,20,17,17,24,0,1,1,1,1,0,0,1,1,1,0
15,7,14,11,15,23,24,21,17,0.5,1,0.5,0.5,0,1,0,1,0,0,0
11,3,13,2,15,14,23,23,18,0,0,0.5,0,1,1,1,1,0,1,1
19,16,6,15,15,19,18,13,29,1,1,0,1,1,0,0.5,0,0,1,0
1,13,3,12,15,24,15,17,20,1,0.5,1,0.5,1,0,1,0,0.5,1,0
8,12,17,9,15,17,13,18,18,0.5,0.5,0,0,0,0.5,0,0,1,0,0
5,20,7,10,15,23,16,21,13,0.5,1,0.5,1,0.5,1,0,0,1,0,0
17,5,16,7,16,16,23,26,16,0.5,1,0.5,0,0,0.5,1,0.5,1,0.5,0
6,2,18,1,16,18,18,23,24,0,1,0.5,0,0.5,0.5,1,0,1,1,1
9,11,19,13,16,23,24,15,27,0.5,0,0,0.5,0,0,0,0.5,0,1,0
10,1,20,3,16,23,20,24,16,0,0.5,0,0,0,1,0.5,1,0.5,1,1
14,15,4,14,16,18,25,23,24,0,0,1,1,1,0.5,1,0.5,0.5,0,0
3,7,2,11,16,27,19,21,17,1,1,1,0,1,1,0,1,0,0,0
12,18,9,5,16,18,20,21,18,0.5,0,0,1,0,0,1,1,1,1,0
13,19,12,6,16,18,20,19,18,0,1,0,0.5,1,1,1,0,1,1,0
16,4,15,8,16,13,29,16,15,0,0.5,0,0,1,0,0.5,0.5,1,1,0
20,8,10,17,16,21,16,19,13,1,0,0,1,0,0.5,0.5,0,0,0,0
3,9,2,19,17,30,19,25,24,1,1,1,0,1,0.5,0,0,0.5,0,1
2,1,1,3,17,26,26,27,17,0.5,1,0,1,1,1,0.5,1,0.5,1,0
5,14,7,4,17,26,18,18,26,0.5,1,0.5,1,0.5,0,0,1,1,1,1
12,18,9,5,17,19,22,23,19,0.5,0,0,1,0,0,1,1,1,1,0
19,10,6,20,17,20,18,24,23,1,1,0,1,1,0,0.5,0,0,0,0
8,13,17,12,17,20,14,18,21,0.5,0.5,0,0,0,0,1,0,0.5,1,0
16,4,15,8,17,14,30,17,16,0,0.5,0,0,1,0,0.5,0.5,1,1,0
7,15,11,14,17,21,20,24,24,1,0,1,0,0,0.5,1,0.5,0.5,0,0
6,17,18,16,17,20,21,18,23,0,1,0.5,0,0.5,0.5,1,0.5,0,0,0
11,20,13,10,17,15,29,22,17,0,0,0.5,0,1,1,0,0,1,0,0
2,5,1,7,18,28,27,27,22,0.5,1,0,1,1,0.5,1,0.5,1,0.5,0
17,3,16,2,18,19,25,33,21,0.5,1,0.5,0,0,1,1,1,0,1,0
4,8,8,17,18,18,18,23,14,0,0.5,0.5,1,1,0.5,0.5,0,0,0,0
10,6,20,18,18,25,24,22,22,0,0.5,0,0,0,0,1,0.5,0,0.5,0
9,16,19,15,18,27,27,16,31,0.5,0,0,0.5,0,0,0.5,0,0,1,0
1,19,3,6,18,28,19,21,19,1,0.5,1,0.5,1,1,1,0,1,1,1
18,7,5,11,18,24,21,23,21,0,1,1,1,1,1,0,1,0,0,1
14,11,4,13,18,22,27,15,30,0,0,1,1,1,0,0,0.5,0,1,0
20,12,10,9,18,23,17,21,23,1,0,0,1,0,0.5,0,0,1,0,0
15,13,14,12,18,25,26,18,24,0.5,1,0.5,0.5,0,0,1,0,0.5,1,0
5,1,7,3,19,27,24,32,19,0.5,1,0.5,1,0.5,1,0.5,1,0.5,1,0
13,18,12,5,19,19,25,26,23,0,1,0,0.5,1,0,1,1,1,1,1
12,14,9,4,19,22,24,23,28,0.5,0,0,1,0,0,0,1,1,1,1
6,19,18,6,19,23,22,21,23,0,1,0.5,0,0.5,1,1,0,1,1,1
7,20,11,10,19,25,23,24,18,1,0,1,0,0,1,0,0,1,0,0
3,10,2,20,19,33,22,25,25,1,1,1,0,1,0,0.5,0,0,0,0
8,9,17,19,19,24,15,29,27,0.5,0.5,0,0,0,0.5,0,0,0.5,0,0
15,4,14,8,19,26,27,19,19,0.5,1,0.5,0.5,0,0,0.5,0.5,1,1,0
11,2,13,1,19,16,31,30,27,0,0,0.5,0,1,0.5,1,0,1,1,1
16,17,15,16,19,16,33,20,25,0,0.5,0,0,1,0.5,1,0.5,0,0,1
2,12,1,9,20,33,28,22,29,0.5,1,0,1,1,0.5,0,0,1,0,1
1,6,3,18,20,33,20,25,24,1,0.5,1,0.5,1,0,1,0.5,0,0.5,1
18,4,5,8,20,28,26,20,19,0,1,1,1,1,0,0.5,0.5,1,1,1
5,11,7,13,20,28,25,17,34,0.5,1,0.5,1,0.5,0,0,0.5,0,1,0
17,8,16,17,20,21,29,26,15,0.5,1,0.5,0,0,0.5,0.5,0,0,0,0
19,3,6,2,20,23,25,34,22,1,1,0,1,1,1,1,1,0,1,1
20,13,10,12,20,25,18,22,27,1,0,0,1,0,0,1,0,0.5,1,1
10,16,20,15,20,25,26,20,34,0,0.5,0,0,0,0,0.5,0,0,1,0
9,15,19,14,20,29,29,26,28,0.5,0,0,0.5,0,0.5,1,0.5,0.5,0,0
14,7,4,11,20,28,28,25,24,0,0,1,1,1,1,0,1,0,0,1
18,9,5,19,21,31,28,32,29,0,1,1,1,1,0.5,0,0,0.5,0,0
12,5,9,7,21,23,32,29,25,0.5,0,0,1,0,0.5,1,0.5,1,0.5,0
3,6,2,18,21,37,23,27,26,1,1,1,0,1,0,1,0.5,0,0.5,0
15,17,14,16,21,26,31,22,30,0.5,1,0.5,0.5,0,0.5,1,0.5,0,0,1
13,14,12,4,21,23,30,31,30,0,1,0,0.5,1,0,0,1,1,1,1
16,19,15,6,21,20,35,24,28,0,0.5,0,0,1,1,1,0,1,1,0
4,20,8,10,21,22,22,28,19,0,0.5,0.5,1,1,1,0,0,1,0,1
11,1,13,3,21,17,35,35,22,0,0,0.5,0,1,1,0.5,1,0.5,1,1
8,10,17,20,21,27,16,26,26,0.5,0.5,0,0,0,0,0.5,0,0,0,0
7,2,11,1,21,27,27,36,29,1,0,1,0,0,0.5,1,0,1,1,1
1,3,3,2,22,38,23,38,25,1,0.5,1,0.5,1,1,1,1,0,1,0
19,8,6,17,22,25,29,28,16,1,1,0,1,1,0.5,0.5,0,0,0,0
2,13,1,12,22,39,30,24,33,0.5,1,0,1,1,0,1,0,0.5,1,1
5,7,7,11,22,29,25,28,30,0.5,1,0.5,1,0.5,1,0,1,0,0,1
10,15,20,14,22,26,27,28,33,0,0.5,0,0,0,0.5,1,0.5,0.5,0,0
6,16,18,15,22,29,27,21,36,0,1,0.5,0,0.5,0,0.5,0,0,1,0
17,18,16,5,22,24,32,31,29,0.5,1,0.5,0,0,0,1,1,1,1,0
11,12,13,9,22,18,38,23,32,0,0,0.5,0,1,0.5,0,0,1,0,0
14,4,4,8,22,34,31,24,25,0,0,1,1,1,0,0.5,0.5,1,1,1
20,9,10,19,22,31,21,33,29,1,0,0,1,0,0.5,0,0,0.5,0,0
4,2,8,1,23,24,29,44,31,0,0.5,0.5,1,1,0.5,1,0,1,1,0
12,1,9,3,23,23,33,40,24,0.5,0,0,1,0,1,0.5,1,0.5,1,1
15,19,14,6,23,28,34,27,30,0.5,1,0.5,0.5,0,1,1,0,1,1,0
13,5,12,7,23,25,38,31,28,0,1,0,0.5,1,0.5,1,0.5,1,0.5,1
7,11,11,13,23,31,32,19,38,1,0,1,0,0,0,0,0.5,0,1,0
18,10,5,20,23,31,29,27,27,0,1,1,1,1,0,0.5,0,0,0,0
20,17,10,16,23,31,21,24,32,1,0,0,1,0,0.5,1,0.5,0,0,1
16,3,15,2,23,21,38,39,27,0,0.5,0,0,1,1,1,1,0,1,0
9,14,19,4,23,33,29,38,31,0.5,0,0,0.5,0,0,0,1,1,1,0
8,6,17,18,23,29,18,31,27,0.5,0.5,0,0,0,0,1,0.5,0,0.5,1
2,9,1,19,24,45,33,34,29,0.5,1,0,1,1,0.5,0,0,0.5,0,0
5,4,7,8,24,34,29,26,30,0.5,1,0.5,1,0.5,0,0.5,0.5,1,1,1
1,16,3,15,24,42,26,21,38,1,0.5,1,0.5,1,0,0.5,0,0,1,0
11,13,13,12,24,19,39,26,41,0,0,0.5,0,1,0,1,0,0.5,1,1
14,17,4,16,24,38,32,25,35,0,0,1,1,1,0.5,1,0.5,0,0,0
10,20,20,10,24,29,28,34,22,0,0.5,0,0,0,1,0,0,1,0,0
12,7,9,11,24,25,35,32,32,0.5,0,0,1,0,1,0,1,0,0,0
3,8,2,17,24,39,27,30,22,1,1,1,0,1,0.5,0.5,0,0,0,1
6,15,18,14,24,35,28,28,36,0,1,0.5,0,0.5,0.5,1,0.5,0.5,0,1
19,18,6,5,24,29,30,32,31,1,1,0,1,1,0,1,1,1,1,1
9,5,19,7,25,34,30,37,31,0.5,0,0,0.5,0,0.5,1,0.5,1,0.5,1
17,2,16,1,25,27,36,46,33,0.5,1,0.5,0,0,0.5,1,0,1,1,0
20,19,10,6,25,34,24,31,32,1,0,0,1,0,1,1,0,1,1,0
15,3,14,2,25,32,37,41,29,0.5,1,0.5,0.5,0,1,1,1,0,1,0
8,16,17,15,25,32,24,21,41,0.5,0.5,0,0,0,0,0.5,0,0,1,0
14,10,4,20,25,39,34,31,28,0,0,1,1,1,0,0.5,0,0,0,0
4,11,8,13,25,28,33,22,40,0,0.5,0.5,1,1,0,0,0.5,0,1,0
18,6,5,18,25,34,33,36,32,0,1,1,1,1,0,1,0.5,0,0.5,0
7,1,11,3,25,33,32,45,26,1,0,1,0,0,1,0.5,1,0.5,1,0
13,12,12,9,25,27,44,25,36,0,1,0,0.5,1,0.5,0,0,1,0,1
1,8,3,17,26,46,28,32,24,1,0.5,1,0.5,1,0.5,0.5,0,0,0,0
5,17,7,16,26,39,33,28,38,0.5,1,0.5,1,0.5,0.5,1,0.5,0,0,1
12,4,9,8,26,28,38,30,33,0.5,0,0,1,0,0,0.5,0.5,1,1,0
3,18,2,5,26,41,30,34,34,1,1,1,0,1,0,1,1,1,1,0
11,9,13,19,26,22,42,36,32,0,0,0.5,0,1,0.5,0,0,0.5,0,1
6,20,18,10,26,37,32,34,25,0,1,0.5,0,0.5,1,0,0,1,0,0
19,14,6,4,26,32,32,41,34,1,1,0,1,1,0,0,1,1,1,0
7,13,11,12,26,35,33,29,47,1,0,1,0,0,0,1,0,0.5,1,1
2,10,1,20,26,48,34,31,30,0.5,1,0,1,1,0,0.5,0,0,0,0
16,15,15,14,26,21,41,33,37,0,0.5,0,0,1,0.5,1,0.5,0.5,0,0
10,5,20,7,27,33,31,43,34,0,0.5,0,0,0,0.5,1,0.5,1,0.5,0
9,12,19,9,27,36,36,28,38,0.5,0,0,0.5,0,0.5,0,0,1,0,0
13,1,12,3,27,30,50,47,29,0,1,0,0.5,1,1,0.5,1,0.5,1,0
4,7,8,11,27,30,33,38,34,0,0.5,0.5,1,1,1,0,1,0,0,0
14,6,4,18,27,43,34,39,33,0,0,1,1,1,0,1,0.5,0,0.5,1
20,3,10,2,27,35,27,42,32,1,0,0,1,0,1,1,1,0,1,1
15,8,14,17,27,34,37,33,25,0.5,1,0.5,0.5,0,0.5,0.5,0,0,0,0
2,19,1,6,27,49,36,32,34,0.5,1,0,1,1,1,1,0,1,1,0
17,11,16,13,27,29,42,26,42,0.5,1,0.5,0,0,0,0,0.5,0,1,0
18,16,5,15,27,36,35,21,42,0,1,1,1,1,0,0.5,0,0,1,0
6,2,18,1,28,40,36,49,37,0,1,0.5,0,0.5,0.5,1,0,1,1,0
12,17,9,16,28,28,38,30,43,0.5,0,0,1,0,0.5,1,0.5,0,0,1
5,19,7,6,28,43,34,33,34,0.5,1,0.5,1,0.5,1,1,0,1,1,1
8,18,17,5,28,35,26,38,35,0.5,0.5,0,0,0,0,1,1,1,1,0
13,4,12,8,28,30,50,31,35,0,1,0,0.5,1,0,0.5,0.5,1,1,0
1,15,3,14,28,47,29,35,39,1,0.5,1,0.5,1,0.5,1,0.5,0.5,0,0
16,20,15,10,28,21,44,38,29,0,0.5,0,0,1,1,0,0,1,0,0
7,9,11,19,28,40,35,36,36,1,0,1,0,0,0.5,0,0,0.5,0,0
11,10,13,20,28,27,43,33,31,0,0,0.5,0,1,0,0.5,0,0,0,0
3,14,2,4,28,44,35,46,35,1,1,1,0,1,0,0,1,1,1,0
9,13,19,12,29,36,37,31,51,0.5,0,0,0.5,0,0,1,0,0.5,1,0
2,3,1,2,29,49,39,45,35,0.5,1,0,1,1,1,1,1,0,1,0
4,1,8,3,29,32,36,47,29,0,0.5,0.5,1,1,1,0.5,1,0.5,1,0
5,6,7,18,29,46,37,42,36,0.5,1,0.5,1,0.5,0,1,0.5,0,0.5,0
19,11,6,13,29,36,37,27,44,1,1,0,1,1,0,0,0.5,0,1,0
20,8,10,17,29,40,30,36,27,1,0,0,1,0,0.5,0.5,0,0,0,0
17,7,16,11,29,32,45,41,35,0.5,1,0.5,0,0,1,0,1,0,0,0
14,16,4,15,29,46,36,22,46,0,0,1,1,1,0,0.5,0,0,1,0
18,15,5,14,29,39,36,35,39,0,1,1,1,1,0.5,1,0.5,0.5,0,1
10,12,20,9,29,34,31,30,40,0,0.5,0,0,0,0.5,0,0,1,0,1
3,5,2,7,30,46,35,48,38,1,1,1,0,1,0.5,1,0.5,1,0.5,1
1,18,3,5,30,47,32,41,38,1,0.5,1,0.5,1,0,1,1,1,1,0
4,9,8,19,30,35,36,36,39,0,0.5,0.5,1,1,0.5,0,0,0.5,0,1
12,19,9,6,30,31,43,36,37,0.5,0,0,1,0,1,1,0,1,1,0
16,2,15,1,30,22,47,49,40,0,0.5,0,0,1,0.5,1,0,1,1,0
8,14,17,4,30,37,27,47,36,0.5,0.5,0,0,0,0,0,1,1,1,0
11,6,13,18,30,27,44,43,38,0,0,0.5,0,1,0,1,0.5,0,0.5,0
15,20,14,10,30,37,41,40,31,0.5,1,0.5,0.5,0,1,0,0,1,0,1
13,17,12,16,30,33,51,33,45,0,1,0,0.5,1,0.5,1,0.5,0,0,0
7,10,11,20,30,41,36,37,32,1,0,1,0,0,0,0.5,0,0,0,1
6,12,18,9,31,43,39,33,44,0,1,0.5,0,0.5,0.5,0,0,1,0,0
17,4,16,8,31,34,46,38,37,0.5,1,0.5,0,0,0,0.5,0.5,1,1,0
9,1,19,3,31,37,42,47,32,0.5,0,0,0.5,0,1,0.5,1,0.5,1,0
14,15,4,14,31,47,36,40,44,0,0,1,1,1,0.5,1,0.5,0.5,0,0
10,13,20,12,31,39,34,34,52,0,0.5,0,0,0,0,1,0,0.5,1,1
11,3,13,2,31,28,44,47,38,0,0,0.5,0,1,1,1,1,0,1,0
20,18,10,5,31,43,34,41,38,1,0,0,1,0,0,1,1,1,1,0
19,7,6,11,31,37,39,43,38,1,1,0,1,1,1,0,1,0,0,0
5,16,7,15,31,51,39,23,48,0.5,1,0.5,1,0.5,0,0.5,0,0,1,0
2,8,1,17,31,50,41,37,27,0.5,1,0,1,1,0.5,0.5,0,0,0,1
9,17,19,16,32,38,42,34,47,0.5,0,0,0.5,0,0.5,1,0.5,0,0,0
12,3,9,2,32,35,44,49,39,0.5,0,0,1,0,1,1,1,0,1,0
8,5,17,7,32,39,29,53,40,0.5,0.5,0,0,0,0.5,1,0.5,1,0.5,0
16,11,15,13,32,24,50,29,46,0,0.5,0,0,1,0,0,0.5,0,1,0
13,19,12,6,32,37,54,39,40,0,1,0,0.5,1,1,1,0,1,1,0
1,20,3,10,32,47,33,44,36,1,0.5,1,0.5,1,1,0,0,1,0,1
4,10,8,20,32,39,37,41,37,0,0.5,0.5,1,1,0,0.5,0,0,0,1
7,6,11,18,32,44,40,43,41,1,0,1,0,0,0,1,0.5,0,0.5,0
18,14,5,4,32,43,39,48,37,0,1,1,1,1,0,0,1,1,1,0
15,2,14,1,32,41,45,52,43,0.5,1,0.5,0.5,0,0.5,1,0,1,1,1
2,18,1,5,33,55,45,43,39,0.5,1,0,1,1,0,1,1,1,1,0
17,1,16,3,33,34,47,49,36,0.5,1,0.5,0,0,1,0.5,1,0.5,1,1
11,8,13,17,33,32,46,41,29,0,0,0.5,0,1,0.5,0.5,0,0,0,0
12,16,9,15,33,37,45,24,53,0.5,0,0,1,0,0,0.5,0,0,1,0
6,13,18,12,33,43,41,37,54,0,1,0.5,0,0.5,0,1,0,0.5,1,1
19,4,6,8,33,39,40,41,40,1,1,0,1,1,0,0.5,0.5,1,1,0
14,20,4,10,33,48,37,47,38,0,0,1,1,1,1,0,0,1,0,0
5,15,7,14,33,53,42,43,48,0.5,1,0.5,1,0.5,0.5,1,0.5,0.5,0,0
10,9,20,19,33,44,39,38,42,0,0.5,0,0,0,0.5,0,0,0.5,0,0
3,7,2,11,33,50,41,44,40,1,1,1,0,1,1,0,1,0,0,0
4,6,8,18,34,41,42,48,41,0,0.5,0.5,1,1,0,1,0.5,0,0.5,1
18,5,5,7,34,44,40,54,43,0,1,1,1,1,0.5,1,0.5,1,0.5,1
17,10,16,20,34,36,51,46,39,0.5,1,0.5,0,0,0,0.5,0,0,0,0
20,2,10,1,34,49,38,56,46,1,0,0,1,0,0.5,1,0,1,1,0
15,11,14,13,34,44,49,32,47,0.5,1,0.5,0.5,0,0,0,0.5,0,1,0
8,12,17,9,34,42,29,37,45,0.5,0.5,0,0,0,0.5,0,0,1,0,1
13,3,12,2,34,37,59,52,42,0,1,0,0.5,1,1,1,1,0,1,1
1,14,3,4,34,53,38,48,39,1,0.5,1,0.5,1,0,0,1,1,1,0
7,16,11,15,34,45,42,24,53,1,0,1,0,0,0,0.5,0,0,1,1
9,19,19,6,34,38,44,41,40,0.5,0,0,0.5,0,1,1,0,1,1,1
6,9,18,19,35,51,43,41,45,0,1,0.5,0,0.5,0.5,0,0,0.5,0,1
3,4,2,8,35,56,44,43,45,1,1,1,0,1,0,0.5,0.5,1,1,1
7,8,11,17,35,47,44,45,30,1,0,1,0,0,0.5,0.5,0,0,0,0
19,17,6,16,35,42,43,37,51,1,1,0,1,1,0.5,1,0.5,0,0,0
12,15,9,14,35,38,48,46,50,0.5,0,0,1,0,0.5,1,0.5,0.5,0,0
10,1,20,3,35,46,40,55,38,0,0.5,0,0,0,1,0.5,1,0.5,1,0
5,20,7,10,35,56,45,50,38,0.5,1,0.5,1,0.5,1,0,0,1,0,0
11,18,13,5,35,33,49,46,42,0,0,0.5,0,1,0,1,1,1,1,0
2,14,1,4,35,56,47,48,41,0.5,1,0,1,1,0,0,1,1,1,0
16,13,15,12,35,26,55,39,63,0,0.5,0,0,1,0,1,0,0.5,1,0
1,2,3,1,36,55,40,58,47,1,0.5,1,0.5,1,0.5,1,0,1,1,1
9,3,19,2,36,43,48,60,45,0.5,0,0,0.5,0,1,1,1,0,1,0
20,11,10,13,36,51,38,33,49,1,0,0,1,0,0,0,0.5,0,1,1
18,12,5,9,36,46,42,39,48,0,1,1,1,1,0.5,0,0,1,0,0
13,8,12,17,36,41,63,47,31,0,1,0,0.5,1,0.5,0.5,0,0,0,0
10,19,20,6,36,48,40,42,45,0,0.5,0,0,0,1,1,0,1,1,0
15,7,14,11,36,46,51,48,46,0.5,1,0.5,0.5,0,1,0,1,0,0,0
4,16,8,15,36,44,49,26,57,0,0.5,0.5,1,1,0,0.5,0,0,1,0
14,5,4,7,36,48,43,56,46,0,0,1,1,1,0.5,1,0.5,1,0.5,1
17,6,16,18,36,39,51,54,45,0.5,1,0.5,0,0,0,1,0.5,0,0.5,0
8,4,17,8,37,49,32,44,50,0.5,0.5,0,0,0,0,0.5,0.5,1,1,0
5,2,7,1,37,58,48,61,49,0.5,1,0.5,1,0.5,0.5,1,0,1,1,0
3,17,2,16,37,61,46,41,52,1,1,1,0,1,0.5,1,0.5,0,0,1
6,10,18,20,37,55,47,49,40,0,1,0.5,0,0.5,0,0.5,0,0,0,0
7,18,11,5,37,49,48,48,43,1,0,1,0,0,0,1,1,1,1,0
13,15,12,14,37,42,65,48,52,0,1,0,0.5,1,0.5,1,0.5,0.5,0,0
12,20,9,10,37,40,50,54,39,0.5,0,0,1,0,1,0,0,1,0,0
19,1,6,3,37,42,46,57,43,1,1,0,1,1,1,0.5,1,0.5,1,1
16,9,15,19,37,27,57,44,49,0,0.5,0,0,1,0.5,0,0,0.5,0,0
11,14,13,4,37,34,52,50,45,0,0,0.5,0,1,0,0,1,1,1,0
1,5,3,7,38,60,44,58,49,1,0.5,1,0.5,1,0.5,1,0.5,1,0.5,0
2,11,1,13,38,62,49,35,52,0.5,1,0,1,1,0,0,0.5,0,1,0
17,16,16,15,38,42,56,27,59,0.5,1,0.5,0,0,0,0.5,0,0,1,0
18,13,5,12,38,48,46,42,65,0,1,1,1,1,0,1,0,0.5,1,0
9,8,19,17,38,46,49,52,32,0.5,0,0,0.5,0,0.5,0.5,0,0,0,0
20,7,10,11,38,55,40,52,48,1,0,0,1,0,1,0,1,0,0,0
10,3,20,2,38,49,42,65,47,0,0.5,0,0,0,1,1,1,0,1,1
19,6,6,18,38,43,49,57,47,1,1,0,1,1,0,1,0.5,0,0.5,0
14,12,4,9,38,50,46,41,51,0,0,1,1,1,0.5,0,0,1,0,0
4,15,8,14,38,44,53,48,52,0,0.5,0.5,1,1,0.5,1,0.5,0.5,0,1
4,18,8,5,1,2,2,0,1,0,0.5,0.5,1,1,0,1,1,1,1,0
6,1,18,3,1,1,2,2,1,0,1,0.5,0,0.5,1,0.5,1,0.5,1,1
12,2,9,1,1,0,1,3,0,0.5,0,0,1,0,0.5,1,0,1,1,1
8,17,17,16,1,1,0,1,1,0.5,0.5,0,0,0,0.5,1,0.5,0,0,0
7,14,11,4,1,1,0,1,0,1,0,1,0,0,0,0,1,1,1,1
13,20,12,10,1,1,0,0,1,0,1,0,0.5,1,1,0,0,1,0,0
3,19,2,6,1,2,2,2,1,1,1,1,0,1,1,1,0,1,1,1
16,10,15,20,1,1,1,2,2,0,0.5,0,0,1,0,0.5,0,0,0,0
15,9,14,19,1,2,2,0,1,0.5,1,0.5,0.5,0,0.5,0,0,0.5,0,1
11,5,13,7,1,0,3,1,2,0,0,0.5,0,1,0.5,1,0.5,1,0.5,0
1,12,3,9,4,8,7,4,7,1,0.5,1,0.5,1,0.5,0,0,1,0,0
2,4,1,8,4,11,5,3,6,0.5,1,0,1,1,0,0.5,0.5,1,1,0
17,20,16,10,4,4,4,2,4,0.5,1,0.5,0,0,1,0,0,1,0,0
5,13,7,12,4,8,2,2,5,0.5,1,0.5,1,0.5,0,1,0,0.5,1,1
14,9,4,19,4,5,1,6,5,0,0,1,1,1,0.5,0,0,0.5,0,0
11,7,13,11,4,4,7,3,8,0,0,0.5,0,1,1,0,1,0,0,0
10,18,20,5,4,5,8,6,4,0,0.5,0,0,0,0,1,1,1,1,1
19,15,6,14,4,5,5,7,8,1,1,0,1,1,0.5,1,0.5,0.5,0,0
6,8,18,17,4,7,6,4,1,0,1,0.5,0,0.5,0.5,0.5,0,0,0,0
3,16,2,15,4,8,8,4,5,1,1,1,0,1,0,0.5,0,0,1,1
2,17,1,16,6,12,8,6,7,0.5,1,0,1,1,0.5,1,0.5,0,0,0
5,9,7,19,6,12,5,9,6,0.5,1,0.5,1,0.5,0.5,0,0,0.5,0,0
1,7,3,11,6,10,8,6,10,1,0.5,1,0.5,1,1,0,1,0,0,0
10,14,20,4,6,9,11,7,4,0,0.5,0,0,0,0,0,1,1,1,0
11,4,13,8,6,6,7,5,6,0,0,0.5,0,1,0,0.5,0.5,1,1,0
16,8,15,17,6,6,10,7,4,0,0.5,0,0,1,0.5,0.5,0,0,0,0
3,15,2,14,6,14,11,9,11,1,1,1,0,1,0.5,1,0.5,0.5,0,0
12,13,9,12,6,6,11,4,11,0.5,0,0,1,0,0,1,0,0.5,1,1
6,18,18,5,6,9,8,11,8,0,1,0.5,0,0.5,0,1,1,1,1,1
19,20,6,10,6,9,9,4,6,1,1,0,1,1,1,0,0,1,0,0
18,3,5,2,7,14,9,15,11,0,1,1,1,1,1,1,1,0,1,1
17,5,16,7,7,6,9,13,6,0.5,1,0.5,0,0,0.5,1,0.5,1,0.5,0
8,1,17,3,7,9,4,10,8,0.5,0.5,0,0,0,1,0.5,1,0.5,1,0
4,12,8,9,7,5,7,8,13,0,0.5,0.5,1,1,0.5,0,0,1,0,0
20,6,10,18,7,4,6,10,11,1,0,0,1,0,0,1,0.5,0,0.5,1
15,16,14,15,7,9,12,6,12,0.5,1,0.5,0.5,0,0,0.5,0,0,1,0
9,11,19,13,7,10,7,7,7,0.5,0,0,0.5,0,0,0,0.5,0,1,0
10,2,20,1,7,10,11,14,8,0,0.5,0,0,0,0.5,1,0,1,1,0
13,7,12,11,7,6,13,6,10,0,1,0,0.5,1,1,0,1,0,0,1
14,19,4,6,7,7,5,9,9,0,0,1,1,1,1,1,0,1,1,0
5,10,7,20,8,15,7,12,12,0.5,1,0.5,1,0.5,0,0.5,0,0,0,0
12,9,9,19,8,10,14,11,9,0.5,0,0,1,0,0.5,0,0,0.5,0,1
11,17,13,16,8,9,8,7,11,0,0,0.5,0,1,0.5,1,0.5,0,0,0
19,2,6,1,8,9,9,15,10,1,1,0,1,1,0.5,1,0,1,1,0
8,15,17,14,8,10,5,11,13,0.5,0.5,0,0,0,0.5,1,0.5,0.5,0,1
1,13,3,12,8,11,9,7,16,1,0.5,1,0.5,1,0,1,0,0.5,1,0
7,4,11,8,8,9,11,6,9,1,0,1,0,0,0,0.5,0.5,1,1,0
16,18,15,5,8,7,14,15,12,0,0.5,0,0,1,0,1,1,1,1,1
3,20,2,10,8,18,12,9,7,1,1,1,0,1,1,0,0,1,0,1
6,14,18,4,8,11,16,7,5,0,1,0.5,0,0.5,0,0,1,1,1,1
17,12,16,9,9,7,12,12,16,0.5,1,0.5,0,0,0.5,0,0,1,0,0
2,6,1,18,9,18,10,12,19,0.5,1,0,1,1,0,1,0.5,0,0.5,0
19,5,6,7,9,9,12,15,9,1,1,0,1,1,0.5,1,0.5,1,0.5,0
10,11,20,13,9,14,12,10,8,0,0.5,0,0,0,0,0,0.5,0,1,0
14,3,4,2,9,10,6,20,14,0,0,1,1,1,1,1,1,0,1,0
15,1,14,3,9,13,17,13,9,0.5,1,0.5,0.5,0,1,0.5,1,0.5,1,0
4,13,8,12,9,8,10,7,18,0,0.5,0.5,1,1,0,1,0,0.5,1,1
20,16,10,15,9,11,9,9,16,1,0,0,1,0,0,0.5,0,0,1,0
9,7,19,11,9,13,11,10,13,0.5,0,0,0.5,0,1,0,1,0,0,0
18,8,5,17,9,17,14,14,7,0,1,1,1,1,0.5,0.5,0,0,0,1
13,9,12,19,10,7,22,15,12,0,1,0,0.5,1,0.5,0,0,0.5,0,0
1,4,3,8,10,14,9,12,10,1,0.5,1,0.5,1,0,0.5,0.5,1,1,0
3,2,2,1,10,23,14,18,11,1,1,1,0,1,0.5,1,0,1,1,0
6,5,18,7,10,13,19,15,10,0,1,0.5,0,0.5,0.5,1,0.5,1,0.5,1
8,20,17,10,10,16,9,14,9,0.5,0.5,0,0,0,1,0,0,1,0,0
11,19,13,6,10,12,8,10,12,0,0,0.5,0,1,1,1,0,1,1,1
7,17,11,16,10,11,15,8,12,1,0,1,0,0,0.5,1,0.5,0,0,0
12,10,9,20,10,12,17,14,14,0.5,0,0,1,0,0,0.5,0,0,0,0
16,14,15,4,10,9,19,10,9,0,0.5,0,0,1,0,0,1,1,1,1
15,18,14,5,10,13,18,19,16,0.5,1,0.5,0.5,0,0,1,1,1,1,0
5,3,7,2,11,16,13,23,15,0.5,1,0.5,1,0.5,1,1,1,0,1,0
18,1,5,3,11,20,18,15,11,0,1,1,1,1,1,0.5,1,0.5,1,0
9,4,19,8,11,16,13,14,11,0.5,0,0,0.5,0,0,0.5,0.5,1,1,0
6,11,18,13,11,16,20,14,10,0,1,0.5,0,0.5,0,0,0.5,0,1,0
19,12,6,9,11,12,14,13,17,1,1,0,1,1,0.5,0,0,1,0,0
2,16,1,15,11,19,11,14,20,0.5,1,0,1,1,0,0.5,0,0,1,1
17,13,16,12,11,9,14,8,23,0.5,1,0.5,0,0,0,1,0,0.5,1,1
10,7,20,11,11,14,15,13,16,0,0.5,0,0,0,1,0,1,0,0,0
14,8,4,17,11,11,14,18,10,0,0,1,1,1,0.5,0.5,0,0,0,1
20,15,10,14,11,15,11,15,19,1,0,0,1,0,0.5,1,0.5,0.5,0,0
12,6,9,18,12,15,18,17,21,0.5,0,0,1,0,0,1,0.5,0,0.5,0
1,9,3,19,12,15,12,17,13,1,0.5,1,0.5,1,0.5,0,0,0.5,0,0
4,17,8,16,12,14,12,11,16,0,0.5,0.5,1,1,0.5,1,0.5,0,0,0
18,20,5,10,12,21,18,17,12,0,1,1,1,1,1,0,0,1,0,0
8,2,17,1,12,21,12,22,12,0.5,0.5,0,0,0,0.5,1,0,1,1,0
16,5,15,7,12,15,23,16,16,0,0.5,0,0,1,0.5,1,0.5,1,0.5,0
3,11,2,13,12,26,15,15,11,1,1,1,0,1,0,0,0.5,0,1,0
15,14,14,4,12,16,21,13,17,0.5,1,0.5,0.5,0,0,0,1,1,1,0
13,10,12,20,12,10,25,15,16,0,1,0,0.5,1,0,0.5,0,0,0,0
7,19,11,6,12,14,17,13,16,1,0,1,0,0,1,1,0,1,1,0
17,9,16,19,13,11,18,18,15,0.5,1,0.5,0,0,0.5,0,0,0.5,0,0
3,12,2,9,13,27,17,16,18,1,1,1,0,1,0.5,0,0,1,0,0
2,15,1,14,13,23,12,16,24,0.5,1,0,1,1,0.5,1,0.5,0.5,0,1
10,4,20,8,13,16,18,16,12,0,0.5,0,0,0,0,0.5,0.5,1,1,0
11,16,13,15,13,17,12,16,23,0,0,0.5,0,1,0,0.5,0,0,1,0
14,18,4,5,13,16,17,22,18,0,0,1,1,1,0,1,1,1,1,1
6,7,18,11,13,17,22,16,18,0,1,0.5,0,0.5,1,0,1,0,0,0
19,13,6,12,13,14,18,12,26,1,1,0,1,1,0,1,0,0.5,1,0
20,1,10,3,13,17,13,17,13,1,0,0,1,0,1,0.5,1,0.5,1,0
5,8,7,17,13,16,17,21,13,0.5,1,0.5,1,0.5,0.5,0.5,0,0,0,0
18,2,5,1,14,24,20,26,13,0,1,1,1,1,0.5,1,0,1,1,1
1,17,3,16,14,17,13,11,18,1,0.5,1,0.5,1,0.5,1,0.5,0,0,0
8,11,17,13,14,22,15,18,12,0.5,0.5,0,0,0,0,0,0.5,0,1,0
20,14,10,4,14,17,13,18,19,1,0,0,1,0,0,0,1,1,1,1
9,10,19,20,14,18,15,16,18,0.5,0,0,0.5,0,0,0.5,0,0,0,1
13,6,12,18,14,12,26,18,22,0,1,0,0.5,1,0,1,0.5,0,0.5,1
7,3,11,2,14,16,19,27,17,1,0,1,0,0,1,1,1,0,1,0
15,5,14,7,14,17,27,18,18,0.5,1,0.5,0.5,0,0.5,1,0.5,1,0.5,1
16,12,15,9,14,16,24,16,18,0,0.5,0,0,1,0.5,0,0,1,0,0
4,19,8,6,14,16,12,14,18,0,0.5,0.5,1,1,1,1,0,1,1,0
6,4,18,8,15,21,23,16,13,0,1,0.5,0,0.5,0,0.5,0.5,1,1,1
5,18,7,5,15,20,20,26,22,0.5,1,0.5,1,0.5,0,1,1,1,1,0
10,17,20,16,15,19,19,12,18,0,0.5,0,0,0,0.5,1,0.5,0,0,1
2,20,1,10,15,28,15,19,15,0.5,1,0,1,1,1,0,0,1,0,0
12,8,9,17,15,19,18,25,15,0.5,0,0,1,0,0.5,0.5,0,0,0,0
16,7,15,11,15,16,27,17,20,0,0.5,0,0,1,1,0,1,0,0,0
11,15,13,14,15,18,15,19,29,0,0,0.5,0,1,0.5,1,0.5,0.5,0,0
14,1,4,3,15,20,21,17,14,0,0,1,1,1,1,0.5,1,0.5,1,0
3,13,2,12,15,28,18,13,29,1,1,1,0,1,0,1,0,0.5,1,0
19,9,6,19,15,15,18,19,18,1,1,0,1,1,0.5,0,0,0.5,0,0
4,3,8,2,16,18,15,30,19,0,0.5,0.5,1,1,1,1,1,0,1,1
9,6,19,18,16,20,18,23,25,0.5,0,0,0.5,0,0,1,0.5,0,0.5,1
14,2,4,1,16,20,23,30,16,0,0,1,1,1,0.5,1,0,1,1,0
8,7,17,11,16,26,15,18,20,0.5,0.5,0,0,0,1,0,1,0,0,0
18,11,5,13,16,29,22,19,16,0,1,1,1,1,0,0,0.5,0,1,0
17,19,16,6,16,14,20,15,19,0.5,1,0.5,0,0,1,1,0,1,1,1
13,16,12,15,16,14,31,16,28,0,1,0,0.5,1,0,0.5,0,0,1,1
15,12,14,9,16,20,30,19,19,0.5,1,0.5,0.5,0,0.5,0,0,1,0,0
1,10,3,20,16,19,14,21,21,1,0.5,1,0.5,1,0,0.5,0,0,0,1
20,5,10,7,16,20,17,20,23,1,0,0,1,0,0.5,1,0.5,1,0.5,0
9,5,19,7,17,23,20,20,24,0.5,0,0,0.5,0,0.5,1,0.5,1,0.5,0
12,3,9,2,17,20,20,33,21,0.5,0,0,1,0,1,1,1,0,1,0
11,20,13,10,17,21,17,21,17,0,0,0.5,0,1,1,0,0,1,0,1
7,2,11,1,17,19,20,32,17,1,0,1,0,0,0.5,1,0,1,1,0
6,18,18,5,17,25,28,30,24,0,1,0.5,0,0.5,0,1,1,1,1,1
4,14,8,4,17,20,18,21,25,0,0.5,0.5,1,1,0,0,1,1,1,0
13,1,12,3,17,16,34,23,16,0,1,0,0.5,1,1,0.5,1,0.5,1,1
8,10,17,20,17,26,16,23,25,0.5,0.5,0,0,0,0,0.5,0,0,0,0
16,19,15,6,17,19,30,17,21,0,0.5,0,0,1,1,1,0,1,1,1
17,15,16,14,17,16,22,21,31,0.5,1,0.5,0,0,0.5,1,0.5,0.5,0,0
2,12,1,9,18,34,18,21,21,0.5,1,0,1,1,0.5,0,0,1,0,0
18,9,5,19,18,31,28,23,22,0,1,1,1,1,0.5,0,0,0.5,0,0
6,4,18,8,18,29,29,21,18,0,1,0.5,0,0.5,0,0.5,0.5,1,1,1
1,11,3,13,18,26,17,23,19,1,0.5,1,0.5,1,0,0,0.5,0,1,0
15,7,14,11,18,21,31,20,22,0.5,1,0.5,0.5,0,1,0,1,0,0,1
20,16,10,15,18,23,19,22,32,1,0,0,1,0,0,0.5,0,0,1,0
10,13,20,12,18,23,26,17,37,0,0.5,0,0,0,0,1,0,0.5,1,1
5,8,7,17,18,22,24,27,16,0.5,1,0.5,1,0.5,0.5,0.5,0,0,0,0
3,19,2,6,18,34,22,19,24,1,1,1,0,1,1,1,0,1,1,0
14,17,4,16,18,21,26,16,22,0,0,1,1,1,0.5,1,0.5,0,0,0
4,18,8,5,19,22,21,32,30,0,0.5,0.5,1,1,0,1,1,1,1,1
16,1,15,3,19,22,34,28,18,0,0.5,0,0,1,1,0.5,1,0.5,1,0
3,20,2,10,19,36,22,25,19,1,1,1,0,1,1,0,0,1,0,0
19,2,6,1,19,19,26,36,19,1,1,0,1,1,0.5,1,0,1,1,1
7,14,11,4,19,23,25,23,27,1,0,1,0,0,0,0,1,1,1,0
8,9,17,19,19,27,18,25,23,0.5,0.5,0,0,0,0.5,0,0,0.5,0,0
13,5,12,7,19,18,40,24,24,0,1,0,0.5,1,0.5,1,0.5,1,0.5,0
11,10,13,20,19,24,21,26,27,0,0,0.5,0,1,0,0.5,0,0,0,0
12,15,9,14,19,22,23,24,34,0.5,0,0,1,0,0.5,1,0.5,0.5,0,1
17,6,16,18,19,17,24,32,30,0.5,1,0.5,0,0,0,1,0.5,0,0.5,0
9,13,19,12,20,26,24,18,42,0.5,0,0,0.5,0,0,1,0,0.5,1,0
4,17,8,16,20,26,22,17,24,0,0.5,0.5,1,1,0.5,1,0.5,0,0,0
1,3,3,2,20,28,20,37,23,1,0.5,1,0.5,1,1,1,1,0,1,0
2,20,1,10,20,40,21,26,20,0.5,1,0,1,1,1,0,0,1,0,0
14,12,4,9,20,23,29,25,24,0,0,1,1,1,0.5,0,0,1,0,1
6,7,18,11,20,32,30,25,25,0,1,0.5,0,0.5,1,0,1,0,0,0
5,11,7,13,20,26,24,24,22,0.5,1,0.5,1,0.5,0,0,0.5,0,1,0
15,19,14,6,20,25,37,21,30,0.5,1,0.5,0.5,0,1,1,0,1,1,0
18,8,5,17,20,33,34,28,19,0,1,1,1,1,0.5,0.5,0,0,0,1
10,16,20,15,20,27,27,24,34,0,0.5,0,0,0,0,0.5,0,0,1,0
12,6,9,18,21,28,25,32,32,0.5,0,0,1,0,0,1,0.5,0,0.5,0
2,1,1,3,21,40,21,30,20,0.5,1,0,1,1,1,0.5,1,0.5,1,0
16,5,15,7,21,24,35,27,25,0,0.5,0,0,1,0.5,1,0.5,1,0.5,0
7,4,11,8,21,27,25,27,23,1,0,1,0,0,0,0.5,0.5,1,1,0
19,14,6,4,21,23,30,24,32,1,1,0,1,1,0,0,1,1,1,0
13,8,12,17,21,20,43,30,21,0,1,0,0.5,1,0.5,0.5,0,0,0,0
17,18,16,5,21,18,25,35,36,0.5,1,0.5,0,0,0,1,1,1,1,1
3,10,2,20,21,37,25,28,27,1,1,1,0,1,0,0.5,0,0,0,0
20,15,10,14,21,26,20,25,39,1,0,0,1,0,0.5,1,0.5,0.5,0,0
11,9,13,19,21,25,23,27,26,0,0,0.5,0,1,0.5,0,0,0.5,0,0
5,3,7,2,22,28,27,40,25,0.5,1,0.5,1,0.5,1,1,1,0,1,0
4,12,8,9,22,30,23,29,27,0,0.5,0.5,1,1,0.5,0,0,1,0,0
14,20,4,10,22,25,33,26,22,0,0,1,1,1,1,0,0,1,0,0
6,19,18,6,22,34,33,24,31,0,1,0.5,0,0.5,1,1,0,1,1,0
17,7,16,11,22,20,28,27,28,0.5,1,0.5,0,0,1,0,1,0,0,0
10,2,20,1,22,28,30,40,22,0,0.5,0,0,0,0.5,1,0,1,1,1
18,13,5,12,22,38,38,21,45,0,1,1,1,1,0,1,0,0.5,1,1
15,1,14,3,22,27,39,31,20,0.5,1,0.5,0.5,0,1,0.5,1,0.5,1,1
8,11,17,13,22,32,22,25,24,0.5,0.5,0,0,0,0,0,0.5,0,1,0
9,16,19,15,22,28,26,26,36,0.5,0,0,0.5,0,0,0.5,0,0,1,0
12,17,9,16,23,30,28,22,29,0.5,0,0,1,0,0.5,1,0.5,0,0,0
2,5,1,7,23,42,24,29,28,0.5,1,0,1,1,0.5,1,0.5,1,0.5,1
3,9,2,19,23,41,26,30,27,1,1,1,0,1,0.5,0,0,0.5,0,1
19,4,6,8,23,24,32,31,24,1,1,0,1,1,0,0.5,0.5,1,1,1
1,14,3,4,23,34,21,28,33,1,0.5,1,0.5,1,0,0,1,1,1,0
11,13,13,12,23,25,24,25,47,0,0,0.5,0,1,0,1,0,0.5,1,0
20,6,10,18,23,26,25,35,33,1,0,0,1,0,0,1,0.5,0,0.5,0
15,10,14,20,23,28,42,30,32,0.5,1,0.5,0.5,0,0,0.5,0,0,0,0
16,8,15,17,23,27,38,32,22,0,0.5,0,0,1,0.5,0.5,0,0,0,0
7,18,11,5,23,28,30,40,42,1,0,1,0,0,0,1,1,1,1,0
9,2,19,1,24,31,30,45,25,0.5,0,0,0.5,0,0.5,1,0,1,1,0
6,1,18,3,24,36,34,34,21,0,1,0.5,0,0.5,1,0.5,1,0.5,1,0
18,11,5,13,24,41,43,25,25,0,1,1,1,1,0,0,0.5,0,1,0
8,3,17,2,24,35,22,44,27,0.5,0.5,0,0,0,1,1,1,0,1,1
14,10,4,20,24,28,33,31,34,0,0,1,1,1,0,0.5,0,0,0,0
4,20,8,10,24,33,27,27,26,0,0.5,0.5,1,1,1,0,0,1,0,0
5,15,7,14,24,30,31,30,43,0.5,1,0.5,1,0.5,0.5,1,0.5,0.5,0,1
7,12,11,9,24,29,31,32,29,1,0,1,0,0,0.5,0,0,1,0,1
13,16,12,15,24,26,47,27,41,0,1,0,0.5,1,0,0.5,0,0,1,1
17,19,16,6,24,23,31,27,34,0.5,1,0.5,0,0,1,1,0,1,1,0
1,4,3,8,25,34,21,34,28,1,0.5,1,0.5,1,0,0.5,0.5,1,1,0
10,6,20,18,25,32,35,36,34,0,0.5,0,0,0,0,1,0.5,0,0.5,0
16,11,15,13,25,28,44,26,27,0,0.5,0,0,1,0,0,0.5,0,1,1
19,7,6,11,25,28,34,33,32,1,1,0,1,1,1,0,1,0,0,0
12,18,9,5,25,33,33,43,44,0.5,0,0,1,0,0,1,1,1,1,1
15,9,14,19,25,31,46,31,30,0.5,1,0.5,0.5,0,0.5,0,0,0.5,0,0
14,5,4,7,25,29,34,33,32,0,0,1,1,1,0.5,1,0.5,1,0.5,0
2,8,1,17,25,45,25,37,25,0.5,1,0,1,1,0.5,0.5,0,0,0,0
20,17,10,16,25,28,27,23,32,1,0,0,1,0,0.5,1,0.5,0,0,1
3,13,2,12,25,47,29,29,48,1,1,1,0,1,0,1,0,0.5,1,1
6,5,18,7,26,38,35,33,32,0,1,0.5,0,0.5,0.5,1,0.5,1,0.5,1
17,1,16,3,26,25,35,35,23,0.5,1,0.5,0,0,1,0.5,1,0.5,1,0
18,16,5,15,26,45,46,30,46,0,1,1,1,1,0,0.5,0,0,1,1
8,15,17,14,26,37,26,32,46,0.5,0.5,0,0,0,0.5,1,0.5,0.5,0,1
7,20,11,10,26,33,33,31,29,1,0,1,0,0,1,0,0,1,0,0
11,3,13,2,26,28,29,49,31,0,0,0.5,0,1,1,1,1,0,1,0
4,10,8,20,26,36,29,33,37,0,0.5,0.5,1,1,0,0.5,0,0,0,1
13,2,12,1,26,31,50,46,25,0,1,0,0.5,1,0.5,1,0,1,1,0
12,19,9,6,26,35,35,29,34,0.5,0,0,1,0,1,1,0,1,1,0
9,14,19,4,26,31,31,29,34,0.5,0,0,0.5,0,0,0,1,1,1,0
10,17,20,16,27,34,41,26,37,0,0.5,0,0,0,0.5,1,0.5,0,0,1
5,4,7,8,27,35,35,40,30,0.5,1,0.5,1,0.5,0,0.5,0.5,1,1,0
6,9,18,19,27,41,37,31,32,0,1,0.5,0,0.5,0.5,0,0,0.5,0,1
1,7,3,11,27,37,24,34,33,1,0.5,1,0.5,1,1,0,1,0,0,0
15,13,14,12,27,33,51,33,50,0.5,1,0.5,0.5,0,0,1,0,0.5,1,1
2,11,1,13,27,46,27,29,31,0.5,1,0,1,1,0,0,0.5,0,1,0
3,16,2,15,27,51,32,31,49,1,1,1,0,1,0,0.5,0,0,1,0
19,18,6,5,27,29,35,48,47,1,1,0,1,1,0,1,1,1,1,0
20,12,10,9,27,31,30,36,35,1,0,0,1,0,0.5,0,0,1,0,0
14,8,4,17,27,30,34,42,27,0,0,1,1,1,0.5,0.5,0,0,0,0
12,1,9,3,28,37,36,39,24,0.5,0,0,1,0,1,0.5,1,0.5,1,1
17,5,16,7,28,28,40,37,36,0.5,1,0.5,0,0,0.5,1,0.5,1,0.5,0
4,9,8,19,28,41,32,33,34,0,0.5,0.5,1,1,0.5,0,0,0.5,0,0
18,3,5,2,28,49,48,54,32,0,1,1,1,1,1,1,1,0,1,1
13,14,12,4,28,35,54,31,35,0,1,0,0.5,1,0,0,1,1,1,1
11,15,13,14,28,29,32,37,53,0,0,0.5,0,1,0.5,1,0.5,0.5,0,1
19,20,6,10,28,30,36,32,31,1,1,0,1,1,1,0,0,1,0,0
16,2,15,1,28,31,52,47,27,0,0.5,0,0,1,0.5,1,0,1,1,0
7,10,11,20,28,34,35,37,43,1,0,1,0,0,0,0.5,0,0,0,0
8,6,17,18,28,43,28,43,39,0.5,0.5,0,0,0,0,1,0.5,0,0.5,0
9,17,19,16,29,33,36,29,40,0.5,0,0,0.5,0,0.5,1,0.5,0,0,1
4,8,8,17,29,43,32,44,29,0,0.5,0.5,1,1,0.5,0.5,0,0,0,0
2,3,1,2,29,48,28,56,34,0.5,1,0,1,1,1,1,1,0,1,0
20,18,10,5,29,33,32,51,50,1,0,0,1,0,0,1,1,1,1,0
14,11,4,13,29,32,39,33,33,0,0,1,1,1,0,0,0.5,0,1,1
6,13,18,12,29,44,40,39,55,0,1,0.5,0,0.5,0,1,0,0.5,1,0
10,12,20,9,29,37,45,39,39,0,0.5,0,0,0,0.5,0,0,1,0,1
15,16,14,15,29,38,57,32,53,0.5,1,0.5,0.5,0,0,0.5,0,0,1,0
1,19,3,6,29,42,26,31,37,1,0.5,1,0.5,1,1,1,0,1,1,1
5,7,7,11,29,37,37,36,35,0.5,1,0.5,1,0.5,1,0,1,0,0,0
18,2,5,1,30,51,51,49,28,0,1,1,1,1,0.5,1,0,1,1,0
12,5,9,7,30,40,42,37,37,0.5,0,0,1,0,0.5,1,0.5,1,0.5,1
19,10,6,20,30,32,40,40,46,1,1,0,1,1,0,0.5,0,0,0,0
3,15,2,14,30,56,35,39,57,1,1,1,0,1,0.5,1,0.5,0.5,0,1
11,6,13,18,30,35,37,45,40,0,0,0.5,0,1,0,1,0.5,0,0.5,0
17,8,16,17,30,33,42,45,30,0.5,1,0.5,0,0,0.5,0.5,0,0,0,0
16,14,15,4,30,32,54,36,41,0,0.5,0,0,1,0,0,1,1,1,0
20,1,10,3,30,34,32,45,27,1,0,0,1,0,1,0.5,1,0.5,1,0
7,9,11,19,30,36,35,35,40,1,0,1,0,0,0.5,0,0,0.5,0,0
13,4,12,8,30,39,56,44,33,0,1,0,0.5,1,0,0.5,0.5,1,1,0
9,12,19,9,31,35,40,41,46,0.5,0,0,0.5,0,0.5,0,0,1,0,1
1,18,3,5,31,45,28,53,51,1,0.5,1,0.5,1,0,1,1,1,1,0
5,19,7,6,31,41,38,33,41,0.5,1,0.5,1,0.5,1,1,0,1,1,1
10,20,20,10,31,41,47,35,32,0,0.5,0,0,0,1,0,0,1,0,0
4,11,8,13,31,44,34,35,39,0,0.5,0.5,1,1,0,0,0.5,0,1,0
14,3,4,2,31,37,43,58,38,0,0,1,1,1,1,1,1,0,1,1
6,16,18,15,31,47,40,34,55,0,1,0.5,0,0.5,0,0.5,0,0,1,0
15,2,14,1,31,42,59,49,30,0.5,1,0.5,0.5,0,0.5,1,0,1,1,1
17,13,16,12,31,34,42,40,56,0.5,1,0.5,0,0,0,1,0,0.5,1,0
8,7,17,11,31,45,31,36,35,0.5,0.5,0,0,0,1,0,1,0,0,1
3,6,2,18,32,61,39,47,40,1,1,1,0,1,0,1,0.5,0,0.5,0
12,8,9,17,32,43,49,47,34,0.5,0,0,1,0,0.5,0.5,0,0,0,0
18,15,5,14,32,53,52,44,62,0,1,1,1,1,0.5,1,0.5,0.5,0,1
20,5,10,7,32,36,33,44,40,1,0,0,1,0,0.5,1,0.5,1,0.5,0
2,14,1,4,32,52,32,38,46,0.5,1,0,1,1,0,0,1,1,1,0
16,4,15,8,32,34,55,45,34,0,0.5,0,0,1,0,0.5,0.5,1,1,0
19,9,6,19,32,35,44,38,42,1,1,0,1,1,0.5,0,0,0.5,0,0
7,13,11,12,32,39,37,42,57,1,0,1,0,0,0,1,0,0.5,1,0
11,17,13,16,32,35,40,35,44,0,0,0.5,0,1,0.5,1,0.5,0,0,0
1,10,3,20,32,46,28,42,48,1,0.5,1,0.5,1,0,0.5,0,0,0,0
8,19,17,6,33,47,35,38,44,0.5,0.5,0,0,0,1,1,0,1,1,0
6,2,18,1,33,47,41,53,32,0,1,0.5,0,0.5,0.5,1,0,1,1,0
4,3,8,2,33,47,34,62,39,0,0.5,0.5,1,1,1,1,1,0,1,0
5,1,7,3,33,44,42,48,28,0.5,1,0.5,1,0.5,1,0.5,1,0.5,1,0
14,15,4,14,33,38,47,47,65,0,0,1,1,1,0.5,1,0.5,0.5,0,0
10,18,20,5,33,42,50,56,55,0,0.5,0,0,0,0,1,1,1,1,0
13,12,12,9,33,43,58,44,49,0,1,0,0.5,1,0.5,0,0,1,0,0
7,11,11,13,33,40,38,38,40,1,0,1,0,0,0,0,0.5,0,1,1
9,20,19,10,33,38,45,38,33,0.5,0,0,0.5,0,1,0,0,1,0,0
17,16,16,15,33,35,47,34,57,0.5,1,0.5,0,0,0,0.5,0,0,1,0
1,9,3,19,34,49,29,39,45,1,0.5,1,0.5,1,0.5,0,0,0.5,0,0
2,4,1,8,34,54,33,48,36,0.5,1,0,1,1,0,0.5,0.5,1,1,0
10,5,20,7,34,43,51,45,43,0,0.5,0,0,0,0.5,1,0.5,1,0.5,0
3,17,2,16,34,64,40,37,47,1,1,1,0,1,0.5,1,0.5,0,0,0
12,11,9,13,34,44,51,40,42,0.5,0,0,1,0,0,0,0.5,0,1,0
15,6,14,18,34,49,65,48,42,0.5,1,0.5,0.5,0,0,1,0.5,0,0.5,0
18,14,5,4,34,57,56,38,49,0,1,1,1,1,0,0,1,1,1,0
20,8,10,17,34,38,34,48,35,1,0,0,1,0,0.5,0.5,0,0,0,0
19,13,6,12,34,38,45,45,58,1,1,0,1,1,0,1,0,0.5,1,1
16,7,15,11,34,34,59,42,40,0,0.5,0,0,1,1,0,1,0,0,0
17,2,16,1,35,37,49,56,33,0.5,1,0.5,0,0,0.5,1,0,1,1,0
5,18,7,5,35,46,43,57,57,0.5,1,0.5,1,0.5,0,1,1,1,1,0
8,1,17,3,35,48,37,50,30,0.5,0.5,0,0,0,1,0.5,1,0.5,1,0
11,19,13,6,35,40,43,41,46,0,0,0.5,0,1,1,1,0,1,1,0
13,20,12,10,35,46,61,40,34,0,1,0,0.5,1,1,0,0,1,0,0
9,10,19,20,35,40,46,43,52,0.5,0,0,0.5,0,0,0.5,0,0,0,0
4,15,8,14,35,48,38,50,67,0,0.5,0.5,1,1,0.5,1,0.5,0.5,0,1
6,14,18,4,35,50,43,39,49,0,1,0.5,0,0.5,0,0,1,1,1,1
7,3,11,2,35,42,42,66,40,1,0,1,0,0,1,1,1,0,1,0
12,16,9,15,35,45,51,36,59,0.5,0,0,1,0,0,0.5,0,0,1,1
5,9,7,19,36,46,43,41,46,0.5,1,0.5,1,0.5,0.5,0,0,0.5,0,0
3,12,2,9,36,69,40,47,53,1,1,1,0,1,0.5,0,0,1,0,1
2,7,1,11,36,56,34,42,45,0.5,1,0,1,1,1,0,1,0,0,0
18,6,5,18,36,57,57,53,44,0,1,1,1,1,0,1,0.5,0,0.5,1
10,8,20,17,36,43,53,49,38,0,0.5,0,0,0,0.5,0.5,0,0,0,0
19,16,6,15,36,41,49,38,61,1,1,0,1,1,0,0.5,0,0,1,1
15,17,14,16,36,52,69,38,49,0.5,1,0.5,0.5,0,0.5,1,0.5,0,0,0
20,11,10,13,36,41,35,43,43,1,0,0,1,0,0,0,0.5,0,1,0
14,4,4,8,36,40,52,50,40,0,0,1,1,1,0,0.5,0.5,1,1,0
1,13,3,12,36,51,31,47,62,1,0.5,1,0.5,1,0,1,0,0.5,1,0
12,2,9,1,37,48,57,56,34,0.5,0,0,1,0,0.5,1,0,1,1,1
4,6,8,18,37,50,41,55,47,0,0.5,0.5,1,1,0,1,0.5,0,0.5,1
9,18,19,5,37,41,48,60,59,0.5,0,0,0.5,0,0,1,1,1,1,0
13,10,12,20,37,48,62,44,55,0,1,0,0.5,1,0,0.5,0,0,0,1
19,3,6,2,37,44,50,73,41,1,1,0,1,1,1,1,1,0,1,0
17,14,16,4,37,39,49,41,52,0.5,1,0.5,0,0,0,0,1,1,1,1
11,1,13,3,37,43,44,51,32,0,0,0.5,0,1,1,0.5,1,0.5,1,0
8,5,17,7,37,51,39,48,43,0.5,0.5,0,0,0,0.5,1,0.5,1,0.5,0
7,15,11,14,37,42,45,52,70,1,0,1,0,0,0.5,1,0.5,0.5,0,1
16,20,15,10,37,39,64,42,35,0,0.5,0,0,1,1,0,0,1,0,1
18,4,5,8,38,60,59,52,43,0,1,1,1,1,0,0.5,0.5,1,1,0
6,17,18,16,38,57,49,40,52,0,1,0.5,0,0.5,0.5,1,0.5,0,0,0
9,8,19,17,38,41,48,51,40,0.5,0,0,0.5,0,0.5,0.5,0,0,0,0
1,16,3,15,38,52,33,41,67,1,0.5,1,0.5,1,0,0.5,0,0,1,1
20,3,10,2,38,45,37,75,41,1,0,0,1,0,1,1,1,0,1,0
14,7,4,11,38,44,53,45,46,0,0,1,1,1,1,0,1,0,0,0
10,11,20,13,38,48,57,44,45,0,0.5,0,0,0,0,0,0.5,0,1,0
5,13,7,12,38,49,43,50,66,0.5,1,0.5,1,0.5,0,1,0,0.5,1,0
15,12,14,9,38,53,73,49,60,0.5,1,0.5,0.5,0,0.5,0,0,1,0,0
2,19,1,6,38,59,35,44,52,0.5,1,0,1,1,1,1,0,1,1,1
3,1,2,3,1,1,0,3,2,1,1,1,0,1,1,0.5,1,0.5,1,0
13,9,12,19,1,0,0,2,0,0,1,0,0.5,1,0.5,0,0,0.5,0,0
17,4,16,8,1,0,1,2,0,0.5,1,0.5,0,0,0,0.5,0.5,1,1,1
12,14,9,4,1,0,0,1,0,0.5,0,0,1,0,0,0,1,1,1,0
8,18,17,5,1,0,2,0,2,0.5,0.5,0,0,0,0,1,1,1,1,0
19,15,6,14,1,2,2,0,0,1,1,0,1,1,0.5,1,0.5,0.5,0,1
11,5,13,7,1,2,0,0,0,0,0,0.5,0,1,0.5,1,0.5,1,0.5,1
20,2,10,1,1,0,1,2,2,1,0,0,1,0,0.5,1,0,1,1,0
7,6,11,18,1,0,1,1,0,1,0,1,0,0,0,1,0.5,0,0.5,0
16,10,15,20,1,2,3,0,2,0,0.5,0,0,1,0,0.5,0,0,0,1
6,12,18,9,2,1,1,0,0,0,1,0.5,0,0.5,0.5,0,0,1,0,0
1,2,3,1,2,3,3,2,4,1,0.5,1,0.5,1,0.5,1,0,1,1,1
10,3,20,2,2,3,4,2,0,0,0.5,0,0,0,1,1,1,0,1,1
8,13,17,12,2,2,3,1,1,0.5,0.5,0,0,0,0,1,0,0.5,1,0
5,16,7,15,2,2,2,4,6,0.5,1,0.5,1,0.5,0,0.5,0,0,1,1
15,20,14,10,2,2,2,2,1,0.5,1,0.5,0.5,0,1,0,0,1,0,0
18,17,5,16,2,1,4,2,3,0,1,1,1,1,0.5,1,0.5,0,0,0
9,11,19,13,2,3,1,4,2,0.5,0,0,0.5,0,0,0,0.5,0,1,0
4,7,8,11,2,4,2,1,1,0,0.5,0.5,1,1,1,0,1,0,0,0
14,19,4,6,2,1,0,4,4,0,0,1,1,1,1,1,0,1,1,0
3,5,2,7,3,6,0,5,3,1,1,1,0,1,0.5,1,0.5,1,0.5,0
12,4,9,8,3,1,2,5,3,0.5,0,0,1,0,0,0.5,0.5,1,1,1
19,6,6,18,3,5,5,3,2,1,1,0,1,1,0,1,0.5,0,0.5,0
16,9,15,19,3,5,9,5,1,0,0.5,0,0,1,0.5,0,0,0.5,0,0
7,17,11,16,3,2,2,3,4,1,0,1,0,0,0.5,1,0.5,0,0,1
20,14,10,4,3,3,1,2,1,1,0,0,1,0,0,0,1,1,1,0
13,18,12,5,3,1,3,2,5,0,1,0,0.5,1,0,1,1,1,1,0
11,8,13,17,3,4,4,4,3,0,0,0.5,0,1,0.5,0.5,0,0,0,0
2,10,1,20,3,5,5,3,8,0.5,1,0,1,1,0,0.5,0,0,0,0
1,15,3,14,3,4,6,2,3,1,0.5,1,0.5,1,0.5,1,0.5,0.5,0,0
17,12,16,9,4,5,7,3,6,0.5,1,0.5,0,0,0.5,0,0,1,0,0
9,3,19,2,4,8,1,6,0,0.5,0,0,0.5,0,1,1,1,0,1,1
5,2,7,1,4,5,3,5,7,0.5,1,0.5,1,0.5,0.5,1,0,1,1,0
14,1,4,3,4,3,2,5,7,0,0,1,1,1,1,0.5,1,0.5,1,1
18,7,5,11,4,5,5,5,4,0,1,1,1,1,1,0,1,0,0,0
4,19,8,6,4,9,5,6,7,0,0.5,0.5,1,1,1,1,0,1,1,0
10,15,20,14,4,5,8,3,4,0,0.5,0,0,0,0.5,1,0.5,0.5,0,1
8,16,17,15,4,5,4,5,12,0.5,0.5,0,0,0,0,0.5,0,0,1,0
6,20,18,10,4,5,3,4,2,0,1,0.5,0,0.5,1,0,0,1,0,0
13,11,12,13,4,1,6,5,5,0,1,0,0.5,1,0,0,0.5,0,1,0
2,9,1,19,5,6,9,10,5,0.5,1,0,1,1,0.5,0,0,0.5,0,0
1,6,3,18,5,9,7,5,6,1,0.5,1,0.5,1,0,1,0.5,0,0.5,1
16,13,15,12,5,5,12,2,6,0,0.5,0,0,1,0,1,0,0.5,1,1
11,18,13,5,5,5,6,8,5,0,0,0.5,0,1,0,1,1,1,1,0
10,14,20,4,5,7,10,3,6,0,0.5,0,0,0,0,0,1,1,1,0
19,17,6,16,5,6,7,5,9,1,1,0,1,1,0.5,1,0.5,0,0,0
12,7,9,11,5,5,6,5,7,0.5,0,0,1,0,1,0,1,0,0,0
20,4,10,8,5,7,2,9,5,1,0,0,1,0,0,0.5,0.5,1,1,1
3,8,2,17,5,10,2,5,4,1,1,1,0,1,0.5,0.5,0,0,0,1
15,5,14,7,5,5,6,7,4,0.5,1,0.5,0.5,0,0.5,1,0.5,1,0.5,0
